timestamp,device_type,device_id,site,event_type,bytes,latency_ms
2025-10-25 17:00,switch,SWI-047,LON,latency,4027145,55.81
2025-09-02 21:00,server,SER-063,SJC,config_change,1475466,77.64
2025-02-25 23:00,vm,VM-110,NYC,latency,1648790,31.96
2025-02-22 04:00,server,SER-115,NYC,traffic,262676,97.61
2025-10-04 13:00,server,SER-028,NYC,traffic,2187208,65.44
2025-11-19 06:00,server,SER-020,BLR,error,1874231,107.03
2025-07-18 15:00,router,ROU-065,SJC,config_change,3329475,43.98
2025-01-08 05:00,server,SER-109,AUS,config_change,4313891,17.27
2025-04-19 16:00,router,ROU-073,BLR,latency,3010795,5.33
2025-11-29 21:00,router,ROU-034,AUS,error,360103,80.4
2025-12-20 13:00,vm,VM-047,BLR,heartbeat,3814825,105.85
2025-01-28 05:00,vm,VM-042,NYC,traffic,2295244,100.27
2025-06-29 18:00,server,SER-073,BLR,latency,3176243,44.15
2025-02-23 03:00,server,SER-049,NYC,latency,3405451,42.67
2025-08-24 13:00,switch,SWI-062,SJC,config_change,4210713,105.9
2025-10-28 07:00,router,ROU-010,LON,config_change,1775334,18.45
2025-04-18 10:00,switch,SWI-092,AUS,traffic,3479031,97.44
2025-03-19 08:00,switch,SWI-062,AUS,heartbeat,4956913,19.77
2025-10-08 12:00,router,ROU-006,NYC,latency,4969972,19.75
2025-12-16 23:00,router,ROU-074,SJC,latency,1396372,31.36
2025-05-03 21:00,server,SER-052,NYC,config_change,157196,105.48
2025-07-13 12:00,vm,VM-028,NYC,heartbeat,3955502,104.14
2025-04-27 10:00,router,ROU-053,AUS,config_change,4888590,98.54
2025-05-05 03:00,server,SER-066,AUS,error,2875534,110.72
2025-02-16 23:00,router,ROU-050,SJC,latency,139937,24.68
2025-12-11 07:00,server,SER-106,NYC,latency,808811,21.7
2025-01-27 15:00,vm,VM-069,SJC,config_change,782734,58.13
2025-03-30 23:00,vm,VM-070,BLR,traffic,4380224,50.77
2025-01-30 15:00,server,SER-055,BLR,latency,3199043,42.39
2025-03-08 16:00,switch,SWI-033,AUS,heartbeat,704112,34.35
2025-10-06 23:00,switch,SWI-001,NYC,traffic,4384388,14.58
2025-01-05 21:00,switch,SWI-027,BLR,error,3039939,13.24
2025-10-18 20:00,server,SER-033,NYC,error,3554091,67.98
2025-07-08 02:00,vm,VM-051,BLR,latency,4632391,94.16
2025-11-26 08:00,router,ROU-072,BLR,config_change,2129841,118.63
2025-08-24 01:00,server,SER-051,SJC,latency,1928461,53.87
2025-04-21 10:00,router,ROU-066,LON,heartbeat,4619568,73.88
2025-02-05 12:00,router,ROU-082,SJC,traffic,1220103,56.86
2025-10-25 05:00,router,ROU-034,LON,latency,672421,73.28
2025-09-20 08:00,vm,VM-052,NYC,config_change,2404078,85.54
2025-02-09 05:00,vm,VM-105,BLR,latency,3683364,1.78
2025-12-20 17:00,switch,SWI-005,NYC,config_change,4327958,83.96
2025-04-26 16:00,server,SER-047,SJC,latency,1321742,10.88
2025-07-08 08:00,server,SER-046,BLR,heartbeat,4917396,24.44
2025-01-11 11:00,server,SER-009,NYC,traffic,2387506,87.27
2025-08-26 15:00,switch,SWI-105,AUS,error,1632795,54.84
2025-10-03 18:00,server,SER-034,BLR,latency,4247632,13.22
2025-02-19 09:00,server,SER-044,NYC,traffic,2162688,105.2
2025-06-20 18:00,server,SER-049,BLR,config_change,2041723,91.02
2025-11-10 05:00,server,SER-115,SJC,config_change,4044058,14.39
2025-02-16 02:00,switch,SWI-101,AUS,latency,2649541,49.78
2025-08-30 01:00,server,SER-002,AUS,error,2410959,11.61
2025-08-22 11:00,router,ROU-120,BLR,latency,2633955,42.75
2025-07-03 16:00,router,ROU-096,BLR,latency,1675924,28.57
2025-06-15 05:00,vm,VM-027,AUS,latency,2095597,100.44
2025-09-01 01:00,router,ROU-014,SJC,traffic,4133772,73.85
2025-01-29 20:00,vm,VM-048,LON,config_change,4131050,107.83
2025-07-07 13:00,switch,SWI-098,LON,config_change,3338655,27.04
2025-03-29 13:00,router,ROU-103,BLR,heartbeat,4537290,4.39
2025-08-26 01:00,switch,SWI-088,BLR,latency,1010721,83.94
2025-11-11 01:00,switch,SWI-002,AUS,traffic,3183872,69.93
2025-08-11 03:00,switch,SWI-111,AUS,error,4602683,31.91
2025-07-03 21:00,switch,SWI-079,LON,error,1543779,60.1
2025-05-24 17:00,switch,SWI-097,LON,error,3361414,33.92
2025-05-03 19:00,server,SER-074,SJC,latency,2265497,96.59
2025-10-23 01:00,vm,VM-026,AUS,latency,3968702,96.78
2025-05-01 13:00,switch,SWI-018,NYC,config_change,2649512,94.35
2025-07-24 19:00,switch,SWI-110,SJC,config_change,3343037,12.33
2025-04-22 12:00,router,ROU-105,BLR,error,808838,54.26
2025-08-17 11:00,switch,SWI-047,NYC,config_change,2162868,41.62
2025-10-09 02:00,router,ROU-112,AUS,config_change,4840000,69.32
2025-04-30 03:00,vm,VM-037,LON,error,4282919,58.76
2025-11-02 02:00,vm,VM-049,LON,config_change,3891234,75.99
2025-04-09 21:00,vm,VM-082,BLR,error,4796243,48.87
2025-02-18 16:00,router,ROU-044,LON,latency,2659167,78.54
2025-07-02 14:00,server,SER-051,BLR,error,3047447,89.87
2025-12-22 15:00,vm,VM-053,AUS,latency,194786,15.44
2025-06-10 04:00,server,SER-096,AUS,traffic,1401146,47.95
2025-03-07 05:00,router,ROU-113,NYC,heartbeat,452520,3.65
2025-09-29 00:00,server,SER-011,LON,traffic,1303535,10.58
2025-09-24 03:00,switch,SWI-032,BLR,error,1061418,16.19
2025-04-27 11:00,router,ROU-085,LON,error,3995275,56.33
2025-07-05 23:00,server,SER-018,AUS,config_change,4957249,71.91
2025-10-24 22:00,server,SER-082,LON,config_change,2913258,58.06
2025-06-05 01:00,vm,VM-057,LON,error,3458816,31.55
2025-07-27 05:00,router,ROU-067,LON,latency,2406536,56.57
2025-01-06 16:00,server,SER-063,LON,heartbeat,77609,92.02
2025-07-19 23:00,server,SER-102,NYC,traffic,3135352,23.03
2025-10-26 09:00,switch,SWI-021,BLR,heartbeat,1851463,31.93
2025-10-16 05:00,server,SER-067,LON,config_change,2389042,77.99
2025-12-30 03:00,vm,VM-053,SJC,latency,1531142,16.83
2025-03-17 08:00,server,SER-080,LON,heartbeat,4128161,22.94
2025-01-14 05:00,router,ROU-069,AUS,traffic,858932,34.21
2025-03-27 08:00,server,SER-094,AUS,traffic,757627,18.51
2025-12-03 22:00,router,ROU-054,BLR,error,3116504,55.91
2025-01-22 15:00,switch,SWI-108,SJC,latency,2236594,93.19
2025-02-18 17:00,server,SER-024,LON,latency,3201903,99.48
2025-03-25 06:00,vm,VM-092,BLR,latency,3716825,30.04
2025-01-23 21:00,router,ROU-095,NYC,traffic,1749581,57.0
2025-08-02 01:00,vm,VM-021,NYC,traffic,4370846,15.1
2025-11-25 12:00,server,SER-026,SJC,error,1827940,116.81
2025-06-11 02:00,server,SER-042,AUS,traffic,2317095,70.37
2025-09-28 04:00,server,SER-002,NYC,traffic,3987859,82.76
2025-04-16 19:00,switch,SWI-012,AUS,latency,4194626,11.42
2025-08-20 00:00,vm,VM-098,SJC,traffic,2983298,77.53
2025-03-15 07:00,router,ROU-030,NYC,error,2914512,96.76
2025-10-27 11:00,server,SER-003,LON,heartbeat,1131215,30.46
2025-01-27 22:00,switch,SWI-057,LON,config_change,4553783,83.8
2025-05-10 13:00,server,SER-070,LON,error,3930179,33.4
2025-04-20 11:00,router,ROU-020,LON,heartbeat,2210133,65.22
2025-11-06 23:00,router,ROU-082,BLR,config_change,1557374,106.01
2025-09-06 13:00,server,SER-031,SJC,error,4522094,98.38
2025-05-10 14:00,server,SER-064,AUS,config_change,2376058,39.05
2025-08-08 20:00,router,ROU-067,SJC,traffic,1089625,21.85
2025-01-22 08:00,router,ROU-063,SJC,latency,267901,68.74
2025-09-23 06:00,server,SER-068,NYC,config_change,2147968,6.37
2025-05-31 16:00,server,SER-010,AUS,traffic,4123208,111.44
2025-02-24 14:00,switch,SWI-082,LON,traffic,4682010,89.35
2025-10-11 22:00,vm,VM-102,NYC,traffic,2230823,63.72
2025-02-18 01:00,vm,VM-010,NYC,latency,815695,12.6
2025-06-07 16:00,server,SER-025,NYC,latency,2087775,68.62
2025-05-03 03:00,server,SER-072,SJC,heartbeat,4837566,43.28
2025-11-10 03:00,server,SER-055,AUS,traffic,1514275,66.22
2025-12-11 12:00,switch,SWI-021,NYC,config_change,3717255,112.06
2025-08-04 03:00,server,SER-042,BLR,error,3613034,99.23
2025-08-09 19:00,server,SER-073,AUS,config_change,3147257,92.0
2025-06-23 10:00,switch,SWI-058,BLR,heartbeat,2641,87.29
2025-07-14 04:00,server,SER-067,LON,latency,56103,36.39
2025-06-01 11:00,router,ROU-041,LON,traffic,4645463,61.6
2025-04-16 14:00,router,ROU-059,AUS,error,1162052,32.17
2025-06-20 13:00,router,ROU-104,SJC,error,4786593,48.28
2025-05-29 10:00,server,SER-093,BLR,error,1451411,58.85
2025-03-07 02:00,server,SER-039,NYC,traffic,3201640,9.88
2025-02-08 04:00,vm,VM-043,BLR,error,3495037,111.66
2025-03-24 06:00,vm,VM-030,SJC,config_change,3209533,6.97
2025-12-24 23:00,router,ROU-070,AUS,config_change,2742662,60.54
2025-05-31 17:00,router,ROU-087,BLR,heartbeat,4993330,69.24
2025-03-03 11:00,router,ROU-038,AUS,heartbeat,1109882,40.67
2025-11-21 20:00,server,SER-007,BLR,config_change,2203495,10.67
2025-12-09 13:00,switch,SWI-090,AUS,latency,4035270,67.34
2025-11-30 01:00,switch,SWI-074,NYC,latency,4398709,29.93
2025-02-18 21:00,switch,SWI-056,NYC,error,752574,13.95
2025-10-10 08:00,switch,SWI-045,LON,latency,2891084,71.47
2025-01-17 12:00,server,SER-022,NYC,error,3710527,74.97
2025-10-28 16:00,router,ROU-105,AUS,latency,3136836,19.14
2025-02-28 13:00,router,ROU-007,NYC,latency,1239805,104.32
2025-07-16 09:00,router,ROU-089,LON,traffic,3776390,56.81
2025-08-15 13:00,router,ROU-069,AUS,latency,4584738,63.03
2025-06-26 13:00,server,SER-080,SJC,latency,3160205,70.17
2025-12-26 15:00,router,ROU-022,LON,traffic,1684560,94.81
2025-07-05 04:00,router,ROU-084,SJC,traffic,3261191,79.41
2025-09-03 21:00,vm,VM-003,BLR,error,1940182,117.59
2025-12-14 03:00,vm,VM-013,BLR,error,4460053,11.02
2025-05-16 18:00,server,SER-059,SJC,config_change,334467,30.06
2025-12-28 09:00,switch,SWI-063,AUS,heartbeat,155117,41.94
2025-08-29 05:00,switch,SWI-039,NYC,latency,2315234,97.52
2025-06-25 21:00,vm,VM-114,NYC,traffic,2351436,27.46
2025-08-22 07:00,vm,VM-085,SJC,latency,3207185,62.73
2025-06-05 06:00,switch,SWI-074,BLR,latency,2621456,109.21
2025-08-13 19:00,switch,SWI-017,AUS,latency,4875038,65.19
2025-05-19 02:00,vm,VM-040,AUS,config_change,3608640,119.48
2025-04-10 02:00,server,SER-073,LON,latency,569865,67.1
2025-03-22 19:00,router,ROU-108,SJC,latency,2674344,105.68
2025-10-10 15:00,vm,VM-039,LON,heartbeat,1275708,93.6
2025-03-14 21:00,router,ROU-004,NYC,config_change,2239605,72.87
2025-06-07 15:00,server,SER-030,LON,traffic,667688,82.73
2025-11-22 08:00,router,ROU-109,BLR,config_change,3137998,22.49
2025-09-22 12:00,switch,SWI-018,AUS,latency,1899116,4.35
2025-01-11 05:00,vm,VM-053,AUS,latency,1716991,8.4
2025-10-27 21:00,vm,VM-063,BLR,error,2071172,51.59
2025-01-29 13:00,server,SER-106,LON,heartbeat,3307375,73.57
2025-12-25 13:00,server,SER-091,NYC,traffic,918011,54.47
2025-01-29 22:00,vm,VM-032,NYC,config_change,3319627,118.07
2025-01-27 19:00,server,SER-067,AUS,traffic,2443589,53.03
2025-07-27 21:00,server,SER-037,AUS,heartbeat,3544869,35.68
2025-02-07 05:00,server,SER-116,BLR,latency,3790118,11.31
2025-12-08 18:00,router,ROU-100,NYC,config_change,1136034,47.47
2025-08-09 19:00,switch,SWI-023,NYC,heartbeat,1694928,105.96
2025-03-03 13:00,switch,SWI-089,SJC,latency,765967,14.14
2025-11-03 18:00,server,SER-011,BLR,config_change,4293169,73.64
2025-04-20 03:00,switch,SWI-049,AUS,traffic,2812803,68.08
2025-04-13 11:00,router,ROU-019,SJC,latency,3520706,37.31
2025-11-01 15:00,switch,SWI-024,AUS,traffic,1702643,0.92
2025-06-22 18:00,router,ROU-064,NYC,heartbeat,49239,73.15
2025-12-03 20:00,router,ROU-076,BLR,heartbeat,3441599,53.3
2025-01-05 11:00,router,ROU-071,NYC,error,4678057,98.5
2025-05-22 17:00,router,ROU-019,LON,traffic,309038,17.87
2025-01-23 03:00,server,SER-108,LON,config_change,2778561,110.49
2025-02-03 11:00,router,ROU-023,LON,latency,4991961,68.89
2025-05-02 02:00,vm,VM-096,LON,config_change,301648,11.63
2025-07-24 07:00,switch,SWI-115,SJC,heartbeat,3585652,101.28
2025-02-14 07:00,switch,SWI-018,LON,traffic,2762601,63.48
2025-12-25 03:00,router,ROU-027,SJC,config_change,917893,68.78
2025-12-28 02:00,vm,VM-062,LON,config_change,3583385,73.26
2025-08-05 01:00,switch,SWI-074,LON,config_change,1089112,73.91
2025-12-05 20:00,server,SER-081,BLR,heartbeat,1510171,106.1
2025-06-08 20:00,server,SER-025,SJC,traffic,202215,56.05
2025-03-22 12:00,server,SER-027,BLR,config_change,3474228,5.94
2025-08-27 16:00,server,SER-082,SJC,latency,1688680,82.96
2025-06-23 16:00,server,SER-040,NYC,error,4614680,39.21
2025-01-05 04:00,router,ROU-043,BLR,error,4773459,74.11
2025-01-20 21:00,vm,VM-025,LON,error,4020051,109.98
2025-01-25 06:00,server,SER-062,BLR,latency,4505410,107.56
2025-11-12 17:00,server,SER-053,NYC,traffic,2512077,68.01
2025-08-04 09:00,server,SER-003,NYC,latency,2783663,96.04
2025-08-30 09:00,router,ROU-020,SJC,error,2846016,118.04
2025-12-31 17:00,vm,VM-074,BLR,config_change,1572848,71.63
2025-07-30 10:00,server,SER-041,LON,traffic,3472789,10.87
2025-06-12 05:00,switch,SWI-107,AUS,error,4405861,36.63
2025-03-18 14:00,switch,SWI-005,SJC,latency,3723646,60.97
2025-11-26 11:00,vm,VM-020,LON,latency,4056656,88.03
2025-12-24 11:00,switch,SWI-042,SJC,latency,4330751,81.37
2025-04-01 14:00,router,ROU-005,BLR,heartbeat,4382746,14.34
2025-08-01 07:00,vm,VM-088,SJC,config_change,2796837,56.29
2025-02-01 11:00,router,ROU-099,SJC,error,4845923,91.14
2025-05-24 06:00,switch,SWI-025,LON,error,4466053,38.64
2025-10-29 03:00,server,SER-035,AUS,latency,2296432,14.18
2025-12-17 22:00,router,ROU-070,NYC,error,2672645,32.89
2025-07-13 09:00,server,SER-022,LON,traffic,2842547,65.1
2025-02-04 15:00,router,ROU-061,SJC,traffic,3218867,6.93
2025-10-19 03:00,switch,SWI-091,NYC,config_change,3740945,74.15
2025-08-02 07:00,switch,SWI-026,SJC,config_change,3907535,68.35
2025-03-05 10:00,vm,VM-118,SJC,heartbeat,3822717,37.59
2025-11-14 17:00,switch,SWI-029,NYC,latency,2165703,109.59
2025-09-25 15:00,router,ROU-118,LON,error,3803413,58.76
2025-02-14 14:00,switch,SWI-045,BLR,heartbeat,1433787,34.23
2025-08-26 23:00,server,SER-017,SJC,config_change,3404140,98.2
2025-03-15 00:00,switch,SWI-084,LON,traffic,4469993,55.59
2025-10-10 05:00,router,ROU-032,AUS,config_change,4047451,46.37
2025-08-21 14:00,router,ROU-089,BLR,config_change,3653011,68.28
2025-08-22 14:00,server,SER-031,SJC,latency,4817640,100.49
2025-03-20 01:00,server,SER-060,NYC,error,820180,98.73
2025-05-01 06:00,switch,SWI-052,NYC,traffic,913216,82.42
2025-09-16 16:00,switch,SWI-083,SJC,traffic,1826459,98.14
2025-01-01 03:00,server,SER-085,BLR,latency,4457496,35.33
2025-11-02 06:00,router,ROU-088,LON,error,4784825,95.42
2025-07-27 21:00,vm,VM-120,LON,heartbeat,749997,70.14
2025-12-15 10:00,switch,SWI-017,SJC,error,3098266,108.18
2025-02-06 06:00,router,ROU-072,SJC,error,2368342,103.95
2025-06-10 14:00,switch,SWI-076,LON,heartbeat,3212072,49.02
2025-10-25 02:00,server,SER-085,BLR,latency,1167594,22.99
2025-09-20 13:00,vm,VM-047,AUS,heartbeat,2420869,119.7
2025-03-27 16:00,router,ROU-010,AUS,traffic,4083746,79.12
2025-04-03 16:00,router,ROU-083,BLR,heartbeat,3572065,74.98
2025-11-07 04:00,server,SER-071,BLR,heartbeat,2981533,27.48
2025-10-17 23:00,server,SER-074,AUS,heartbeat,4209806,32.68
2025-09-08 12:00,router,ROU-005,BLR,config_change,3092861,14.02
2025-11-25 17:00,vm,VM-011,NYC,latency,2344947,56.06
2025-02-23 09:00,server,SER-079,AUS,traffic,3964211,75.86
2025-02-23 07:00,server,SER-070,LON,config_change,443702,108.48
2025-01-08 08:00,switch,SWI-066,NYC,heartbeat,2781940,50.81
2025-07-21 03:00,switch,SWI-005,LON,config_change,4729710,31.62
2025-11-20 00:00,server,SER-074,LON,traffic,229992,34.77
2025-02-26 07:00,router,ROU-010,LON,error,1112815,74.09
2025-07-07 21:00,vm,VM-002,NYC,traffic,1465767,109.26
2025-04-14 04:00,server,SER-048,LON,latency,1982354,58.45
2025-12-27 00:00,vm,VM-044,AUS,traffic,4996785,112.11
2025-04-16 05:00,vm,VM-097,BLR,heartbeat,1997047,79.45
2025-04-25 04:00,router,ROU-094,SJC,error,2218910,90.78
2025-03-21 04:00,router,ROU-060,BLR,heartbeat,2529050,57.41
2025-12-30 12:00,router,ROU-088,BLR,heartbeat,2204059,17.85
2025-10-24 18:00,router,ROU-119,BLR,heartbeat,2649188,115.43
2025-01-29 00:00,router,ROU-069,BLR,error,2287655,40.53
2025-07-02 07:00,vm,VM-033,BLR,config_change,3869059,92.89
2025-06-15 01:00,server,SER-076,NYC,latency,2831371,81.49
2025-05-03 19:00,switch,SWI-002,SJC,traffic,101339,49.64
2025-12-25 13:00,router,ROU-058,AUS,error,2377467,30.6
2025-01-24 05:00,router,ROU-012,NYC,traffic,1819857,114.08
2025-03-25 03:00,server,SER-016,NYC,traffic,1090741,45.43
2025-05-07 03:00,vm,VM-090,LON,latency,2472020,56.3
2025-02-21 16:00,server,SER-119,BLR,error,2713910,31.25
2025-02-20 12:00,switch,SWI-008,BLR,heartbeat,2791510,119.52
2025-06-26 06:00,vm,VM-034,BLR,latency,583156,59.26
2025-05-17 23:00,server,SER-023,SJC,heartbeat,1207890,65.11
2025-10-22 09:00,router,ROU-083,BLR,traffic,2173618,12.84
2025-02-19 18:00,router,ROU-094,BLR,error,158410,107.63
2025-04-12 14:00,server,SER-001,BLR,traffic,2236031,18.62
2025-08-14 03:00,vm,VM-074,NYC,traffic,4117117,57.64
2025-10-03 17:00,vm,VM-100,NYC,traffic,1895540,0.9
2025-11-26 02:00,router,ROU-069,LON,error,2541306,48.37
2025-03-03 21:00,switch,SWI-110,SJC,error,3856734,91.37
2025-07-17 22:00,server,SER-023,SJC,config_change,3223598,79.46
2025-07-24 00:00,server,SER-115,LON,traffic,4082087,10.64
2025-10-26 23:00,server,SER-018,AUS,traffic,213773,86.51
2025-06-12 19:00,switch,SWI-009,LON,config_change,4192654,64.31
2025-11-03 17:00,vm,VM-003,LON,traffic,471218,40.86
2025-01-30 05:00,switch,SWI-028,BLR,config_change,4502003,18.3
2025-06-09 01:00,vm,VM-005,BLR,latency,160912,56.81
2025-02-01 06:00,router,ROU-084,SJC,latency,1445929,76.1
2025-07-29 19:00,vm,VM-013,NYC,heartbeat,1432846,100.32
2025-02-13 15:00,vm,VM-014,BLR,traffic,4992032,96.0
2025-05-31 13:00,router,ROU-026,LON,heartbeat,3373292,39.25
2025-04-04 18:00,switch,SWI-102,SJC,latency,4976159,21.23
2025-02-13 03:00,router,ROU-019,AUS,heartbeat,3104175,66.63
2025-10-27 11:00,router,ROU-075,AUS,traffic,839591,95.03
2025-09-14 18:00,server,SER-003,SJC,heartbeat,54264,1.36
2025-03-02 20:00,server,SER-076,BLR,error,3994082,83.24
2025-05-21 17:00,router,ROU-035,BLR,config_change,3457369,29.09
2025-04-30 03:00,server,SER-005,AUS,config_change,4194361,73.64
2025-03-02 02:00,server,SER-101,LON,error,3514030,1.05
2025-06-10 20:00,router,ROU-068,NYC,traffic,3036848,103.6
2025-12-13 11:00,router,ROU-099,LON,latency,446175,23.65
2025-04-12 20:00,server,SER-117,BLR,heartbeat,1480111,19.59
2025-01-30 10:00,router,ROU-047,AUS,error,3647290,30.54
2025-11-06 08:00,router,ROU-095,NYC,traffic,1476452,19.39
2025-01-20 20:00,switch,SWI-015,AUS,traffic,3732428,71.33
2025-08-11 12:00,switch,SWI-096,AUS,error,924861,39.47
2025-03-08 22:00,router,ROU-053,BLR,latency,1852053,9.29
2025-11-27 16:00,router,ROU-056,AUS,latency,3817740,21.78
2025-09-12 23:00,router,ROU-093,LON,latency,2263361,24.66
2025-03-28 20:00,router,ROU-073,LON,traffic,1146057,13.78
2025-11-14 19:00,switch,SWI-022,AUS,error,2476994,72.63
2025-04-27 00:00,server,SER-071,SJC,latency,3454557,102.91
2025-11-30 23:00,vm,VM-028,BLR,config_change,3882936,33.86
2025-10-20 06:00,server,SER-032,LON,latency,3643742,69.75
2025-04-12 16:00,vm,VM-115,BLR,traffic,371979,5.29
2025-11-18 07:00,server,SER-065,BLR,traffic,4456371,47.62
2025-03-08 21:00,switch,SWI-031,NYC,traffic,105211,83.33
2025-10-05 14:00,vm,VM-017,LON,error,2006400,77.89
2025-03-03 22:00,router,ROU-086,AUS,error,3853743,103.02
2025-01-17 15:00,vm,VM-060,BLR,latency,1552437,94.89
2025-09-10 20:00,server,SER-091,SJC,traffic,3229601,107.27
2025-08-16 06:00,server,SER-038,LON,heartbeat,4551275,69.24
2025-05-22 09:00,server,SER-011,LON,config_change,460793,62.01
2025-09-06 11:00,vm,VM-015,LON,heartbeat,3904662,74.49
2025-09-07 13:00,switch,SWI-083,SJC,config_change,4704980,85.27
2025-05-20 18:00,router,ROU-043,NYC,latency,953590,78.06
2025-05-24 05:00,server,SER-098,LON,latency,2959759,107.8
2025-12-10 18:00,server,SER-036,SJC,traffic,3128388,41.75
2025-11-28 22:00,server,SER-107,BLR,traffic,4462938,81.56
2025-12-30 18:00,vm,VM-058,LON,config_change,551524,23.01
2025-11-09 13:00,router,ROU-051,LON,latency,646480,13.57
2025-07-08 09:00,router,ROU-019,AUS,heartbeat,1714424,62.72
2025-01-16 11:00,switch,SWI-088,AUS,config_change,3976402,41.93
2025-10-31 00:00,server,SER-003,AUS,error,529058,3.13
2025-06-08 14:00,vm,VM-067,BLR,error,4855526,41.46
2025-08-11 18:00,switch,SWI-086,NYC,config_change,3736080,55.23
2025-04-01 01:00,vm,VM-040,LON,latency,1903384,58.37
2025-07-16 16:00,server,SER-007,LON,latency,2386569,54.98
2025-04-24 13:00,server,SER-021,LON,config_change,1530079,116.8
2025-04-15 18:00,router,ROU-015,LON,traffic,4820466,15.61
2025-06-27 18:00,switch,SWI-027,SJC,config_change,2659716,117.37
2025-04-11 23:00,switch,SWI-070,NYC,latency,2530666,15.02
2025-01-18 00:00,switch,SWI-064,BLR,latency,2687182,19.15
2025-12-13 09:00,switch,SWI-091,BLR,error,2432246,116.37
2025-04-11 09:00,server,SER-094,LON,heartbeat,943171,87.93
2025-01-28 08:00,router,ROU-071,LON,traffic,209000,48.49
2025-05-31 10:00,switch,SWI-012,SJC,error,1638034,70.22
2025-06-01 15:00,server,SER-099,AUS,error,190151,10.49
2025-11-01 02:00,server,SER-012,BLR,config_change,1632165,59.11
2025-12-16 05:00,vm,VM-117,BLR,error,1242060,86.06
2025-10-19 22:00,switch,SWI-048,LON,traffic,2894400,42.49
2025-11-01 04:00,vm,VM-012,BLR,latency,3487387,96.54
2025-07-17 00:00,router,ROU-094,BLR,heartbeat,1171778,100.34
2025-02-28 18:00,router,ROU-039,NYC,heartbeat,2814679,8.4
2025-09-14 12:00,router,ROU-053,BLR,error,1468108,66.92
2025-04-04 11:00,router,ROU-107,LON,heartbeat,4647172,59.12
2025-07-26 03:00,vm,VM-039,NYC,heartbeat,3888715,27.33
2025-01-02 16:00,router,ROU-039,SJC,heartbeat,2414310,50.35
2025-12-02 19:00,vm,VM-083,SJC,latency,1002219,91.88
2025-12-03 14:00,vm,VM-009,LON,config_change,4875332,57.92
2025-10-25 16:00,vm,VM-081,SJC,heartbeat,3131647,61.75
2025-01-12 23:00,vm,VM-021,SJC,config_change,1226887,38.7
2025-04-03 11:00,switch,SWI-007,LON,error,3520138,76.53
2025-09-01 00:00,router,ROU-038,SJC,config_change,4311624,23.66
2025-05-06 02:00,server,SER-077,NYC,latency,2707222,104.76
2025-07-25 12:00,switch,SWI-090,SJC,error,4484042,69.82
2025-04-09 02:00,router,ROU-067,LON,error,4068627,49.73
2025-04-22 07:00,router,ROU-020,AUS,config_change,1581554,95.52
2025-12-25 20:00,vm,VM-092,SJC,config_change,3501954,55.53
2025-02-22 03:00,router,ROU-017,BLR,traffic,2921996,37.73
2025-09-05 12:00,router,ROU-057,NYC,config_change,2870282,21.08
2025-07-27 23:00,router,ROU-105,AUS,traffic,1080735,102.89
2025-04-08 04:00,server,SER-040,AUS,latency,1093349,117.74
2025-10-18 00:00,server,SER-101,SJC,traffic,158759,93.08
2025-10-22 09:00,router,ROU-014,NYC,traffic,4976922,7.58
2025-03-23 04:00,vm,VM-006,LON,traffic,87171,90.67
2025-03-26 12:00,vm,VM-027,AUS,config_change,1551062,80.64
2025-01-20 23:00,router,ROU-109,NYC,error,2918864,42.59
2025-12-08 18:00,server,SER-079,NYC,latency,4784480,8.67
2025-01-10 13:00,server,SER-092,LON,latency,1441940,108.25
2025-01-03 22:00,vm,VM-013,NYC,latency,3983202,44.29
2025-05-07 09:00,switch,SWI-014,LON,latency,3185441,51.18
2025-12-18 01:00,router,ROU-015,SJC,error,3909266,13.68
2025-04-03 18:00,switch,SWI-047,NYC,error,341649,10.33
2025-12-04 00:00,router,ROU-037,NYC,heartbeat,2618303,82.6
2025-10-31 01:00,router,ROU-053,BLR,error,1584643,102.88
2025-11-21 17:00,vm,VM-048,SJC,latency,4125245,80.82
2025-09-28 14:00,switch,SWI-085,SJC,traffic,1203654,47.68
2025-03-11 10:00,server,SER-115,SJC,latency,3052020,117.04
2025-08-20 04:00,router,ROU-109,SJC,heartbeat,1954452,100.65
2025-12-07 17:00,switch,SWI-092,NYC,config_change,2290861,90.88
2025-10-01 05:00,switch,SWI-086,BLR,config_change,4065556,61.61
2025-04-11 14:00,server,SER-014,LON,traffic,4105893,59.92
2025-04-02 21:00,router,ROU-095,SJC,traffic,4179658,81.53
2025-05-03 06:00,switch,SWI-087,AUS,error,2540672,74.83
2025-03-07 18:00,server,SER-085,BLR,config_change,3910274,24.63
2025-12-06 21:00,switch,SWI-034,LON,config_change,4535285,65.82
2025-01-22 13:00,vm,VM-113,BLR,traffic,3776842,38.09
2025-09-14 21:00,switch,SWI-005,AUS,traffic,4670657,79.3
2025-07-26 21:00,vm,VM-022,BLR,heartbeat,1129169,37.84
2025-09-23 14:00,switch,SWI-015,BLR,config_change,4646476,82.4
2025-11-17 17:00,switch,SWI-110,NYC,latency,468556,47.27
2025-12-04 17:00,server,SER-049,LON,config_change,2387035,38.8
2025-01-20 05:00,server,SER-017,LON,error,4899670,3.71
2025-08-21 23:00,switch,SWI-055,LON,error,3456515,42.48
2025-06-16 17:00,router,ROU-083,NYC,error,713542,109.29
2025-02-14 17:00,vm,VM-015,AUS,error,166356,64.84
2025-01-26 12:00,switch,SWI-111,NYC,heartbeat,4319118,108.22
2025-07-02 00:00,router,ROU-061,SJC,config_change,2656114,45.64
2025-09-24 10:00,switch,SWI-013,SJC,heartbeat,1728284,40.65
2025-12-10 05:00,vm,VM-086,AUS,error,2513563,43.92
2025-10-25 15:00,router,ROU-082,NYC,traffic,1796834,34.84
2025-02-02 10:00,switch,SWI-074,AUS,heartbeat,772398,86.27
2025-03-06 16:00,server,SER-035,NYC,traffic,4455884,57.29
2025-05-24 04:00,switch,SWI-010,NYC,error,2516819,52.23
2025-08-02 21:00,router,ROU-052,NYC,error,4324230,54.66
2025-05-04 06:00,vm,VM-081,AUS,config_change,4839912,60.15
2025-11-16 00:00,switch,SWI-082,NYC,config_change,3639344,112.19
2025-02-10 21:00,server,SER-047,AUS,heartbeat,2017402,18.48
2025-07-24 23:00,vm,VM-053,SJC,error,1708568,101.59
2025-07-02 05:00,vm,VM-083,LON,latency,1981800,49.0
2025-03-19 12:00,router,ROU-004,LON,latency,3894653,58.5
2025-10-25 17:00,switch,SWI-116,AUS,traffic,1337795,33.09
2025-01-20 21:00,switch,SWI-103,NYC,error,1477271,77.49
2025-01-29 19:00,vm,VM-063,SJC,traffic,705052,38.01
2025-07-23 10:00,vm,VM-116,LON,heartbeat,758544,47.93
2025-04-06 22:00,router,ROU-074,SJC,config_change,4379497,79.87
2025-12-25 13:00,switch,SWI-114,AUS,traffic,1026732,92.9
2025-08-02 22:00,switch,SWI-075,AUS,heartbeat,3548282,26.55
2025-03-14 22:00,router,ROU-036,BLR,heartbeat,2134272,103.62
2025-02-08 04:00,switch,SWI-048,LON,traffic,4579041,51.14
2025-06-18 04:00,vm,VM-113,LON,latency,3987449,86.02
2025-07-30 09:00,router,ROU-116,SJC,config_change,459624,83.04
2025-06-13 14:00,switch,SWI-050,LON,error,1024861,64.42
2025-06-11 08:00,vm,VM-050,BLR,traffic,2144571,36.46
2025-06-10 17:00,switch,SWI-111,BLR,latency,2661735,105.6
2025-10-05 08:00,server,SER-036,BLR,traffic,3952800,88.56
2025-08-16 03:00,server,SER-113,AUS,traffic,2190175,61.01
2025-08-29 04:00,switch,SWI-094,LON,config_change,3803235,83.58
2025-02-05 13:00,server,SER-024,AUS,heartbeat,26801,48.38
2025-07-28 14:00,switch,SWI-011,AUS,traffic,2094826,62.21
2025-03-30 19:00,vm,VM-088,LON,heartbeat,3788371,57.66
2025-04-02 03:00,switch,SWI-088,LON,config_change,2364887,24.24
2025-10-10 23:00,switch,SWI-051,NYC,heartbeat,1884134,2.98
2025-01-16 16:00,vm,VM-083,AUS,config_change,747389,116.91
2025-05-16 08:00,switch,SWI-110,SJC,latency,3365124,74.35
2025-06-27 14:00,router,ROU-048,NYC,latency,985407,2.19
2025-12-25 23:00,switch,SWI-118,BLR,heartbeat,995153,27.33
2025-05-19 16:00,router,ROU-111,LON,error,4146382,46.16
2025-10-22 10:00,vm,VM-077,LON,latency,1589493,50.49
2025-10-06 21:00,server,SER-004,LON,error,1976396,74.31
2025-06-19 12:00,switch,SWI-088,SJC,heartbeat,87572,56.53
2025-08-09 16:00,vm,VM-051,BLR,latency,3551821,88.46
2025-06-24 22:00,router,ROU-072,SJC,traffic,2793253,111.76
2025-11-18 11:00,vm,VM-078,SJC,config_change,45971,30.81
2025-09-18 01:00,switch,SWI-051,AUS,error,4694932,5.41
2025-05-03 10:00,switch,SWI-065,LON,heartbeat,3927580,16.26
2025-08-05 14:00,server,SER-056,LON,latency,981142,37.94
2025-03-29 07:00,switch,SWI-107,LON,error,3608823,34.31
2025-06-29 16:00,server,SER-098,NYC,error,2626720,52.58
2025-04-23 15:00,switch,SWI-063,NYC,latency,3691900,6.86
2025-04-12 11:00,router,ROU-024,BLR,traffic,2183916,20.04
2025-11-15 21:00,switch,SWI-115,SJC,heartbeat,3704735,43.1
2025-11-28 05:00,switch,SWI-015,SJC,latency,2933693,11.68
2025-07-13 22:00,router,ROU-022,LON,config_change,4725861,106.96
2025-05-25 23:00,server,SER-001,NYC,config_change,1515721,50.26
2025-02-22 10:00,router,ROU-064,LON,traffic,218786,34.47
2025-03-25 06:00,switch,SWI-076,LON,traffic,1290962,3.95
2025-11-11 04:00,vm,VM-085,BLR,heartbeat,2260206,71.51
2025-01-04 23:00,switch,SWI-006,BLR,config_change,2726588,113.72
2025-03-30 06:00,router,ROU-007,LON,error,466861,89.38
2025-09-18 08:00,router,ROU-033,AUS,latency,3347360,11.16
2025-05-23 03:00,router,ROU-100,LON,heartbeat,1293975,14.91
2025-12-02 02:00,vm,VM-095,NYC,error,1102312,43.41
2025-03-07 14:00,vm,VM-066,BLR,latency,3737641,106.31
2025-11-22 05:00,switch,SWI-077,SJC,heartbeat,3545491,97.41
2025-05-08 05:00,switch,SWI-055,SJC,traffic,4307220,41.34
2025-11-13 10:00,server,SER-083,BLR,latency,4424134,75.73
2025-12-25 04:00,router,ROU-060,SJC,heartbeat,4007494,36.4
2025-03-29 05:00,server,SER-039,NYC,latency,3589074,35.81
2025-02-02 13:00,server,SER-118,NYC,traffic,903884,61.52
2025-10-09 22:00,router,ROU-085,LON,config_change,2982794,30.96
2025-02-25 19:00,server,SER-003,BLR,traffic,1507192,94.45
2025-09-26 06:00,router,ROU-054,LON,error,4926860,87.03
2025-11-04 03:00,server,SER-034,AUS,error,1771569,22.62
2025-06-27 00:00,vm,VM-014,NYC,heartbeat,151283,1.2
2025-03-21 15:00,router,ROU-084,BLR,heartbeat,3399154,104.32
2025-11-29 06:00,switch,SWI-105,LON,config_change,3314476,96.65
2025-03-01 19:00,router,ROU-002,SJC,latency,134255,83.68
2025-05-09 11:00,vm,VM-027,AUS,heartbeat,2029199,52.58
2025-05-11 07:00,router,ROU-099,AUS,heartbeat,3977108,50.91
2025-03-21 12:00,router,ROU-020,BLR,heartbeat,3956138,2.85
2025-11-03 20:00,server,SER-026,NYC,error,3287097,6.59
2025-01-06 09:00,router,ROU-109,BLR,heartbeat,4159259,88.58
2025-07-18 12:00,router,ROU-052,NYC,heartbeat,4958996,87.09
2025-11-30 01:00,router,ROU-008,SJC,config_change,3541030,69.38
2025-02-13 08:00,switch,SWI-083,BLR,heartbeat,981970,59.63
2025-08-25 17:00,switch,SWI-056,AUS,traffic,2417009,87.28
2025-11-17 08:00,switch,SWI-030,AUS,config_change,4930638,109.13
2025-08-20 12:00,vm,VM-110,AUS,heartbeat,2462167,86.9
2025-09-24 11:00,vm,VM-107,BLR,error,1360170,74.81
2025-07-12 19:00,server,SER-012,AUS,heartbeat,1454671,24.34
2025-12-02 23:00,router,ROU-054,LON,heartbeat,1969964,25.53
2025-02-02 02:00,vm,VM-046,LON,error,1331479,21.38
2025-12-10 16:00,router,ROU-009,BLR,error,957043,74.3
2025-03-24 09:00,server,SER-063,LON,error,2980977,92.44
2025-07-02 14:00,vm,VM-110,NYC,config_change,874606,84.92
2025-10-26 21:00,server,SER-108,SJC,traffic,855531,98.92
2025-01-29 15:00,server,SER-022,AUS,traffic,3034643,19.27
2025-07-19 10:00,server,SER-098,BLR,config_change,833940,18.94
2025-09-06 07:00,switch,SWI-018,AUS,traffic,3684508,116.37
2025-01-05 11:00,router,ROU-104,LON,heartbeat,2406502,60.85
2025-02-28 04:00,switch,SWI-092,LON,heartbeat,2059994,18.62
2025-12-28 13:00,switch,SWI-030,BLR,latency,3468929,110.2
2025-11-10 04:00,vm,VM-067,SJC,error,3713619,17.9
2025-01-07 18:00,server,SER-067,SJC,traffic,2838896,38.12
2025-04-23 04:00,switch,SWI-051,AUS,traffic,4820735,7.41
2025-12-21 20:00,vm,VM-054,NYC,heartbeat,2553846,86.73
2025-08-03 03:00,vm,VM-002,NYC,error,1232966,84.19
2025-11-01 14:00,server,SER-114,NYC,config_change,3709971,83.85
2025-10-04 03:00,server,SER-113,SJC,error,311128,64.72
2025-09-24 05:00,server,SER-095,NYC,latency,4537477,34.43
2025-03-05 08:00,server,SER-040,LON,config_change,1343406,3.3
2025-06-26 14:00,router,ROU-100,BLR,error,4239550,13.7
2025-02-10 22:00,vm,VM-034,LON,config_change,1039618,6.2
2025-03-27 03:00,switch,SWI-074,BLR,traffic,2844572,117.96
2025-12-31 01:00,vm,VM-030,LON,error,2387856,80.2
2025-04-06 13:00,server,SER-067,SJC,latency,2751179,62.22
2025-05-12 10:00,vm,VM-047,SJC,heartbeat,1230377,85.54
2025-10-09 07:00,router,ROU-008,AUS,heartbeat,3996100,26.17
2025-02-23 07:00,switch,SWI-068,NYC,heartbeat,4689967,62.51
2025-09-27 12:00,vm,VM-075,BLR,heartbeat,3692658,82.84
2025-12-01 04:00,server,SER-054,AUS,latency,4243839,15.69
2025-11-09 11:00,router,ROU-091,NYC,config_change,991343,83.49
2025-11-07 21:00,switch,SWI-096,NYC,latency,3099181,110.64
2025-03-23 01:00,server,SER-053,SJC,traffic,3101311,68.83
2025-01-28 11:00,server,SER-016,LON,error,3142196,36.74
2025-11-28 17:00,router,ROU-019,NYC,latency,3538953,6.31
2025-07-28 07:00,vm,VM-028,BLR,latency,18496,15.12
2025-08-27 00:00,router,ROU-006,BLR,heartbeat,4808168,37.51
2025-11-05 19:00,vm,VM-101,BLR,heartbeat,1115087,91.55
2025-12-11 14:00,server,SER-098,BLR,heartbeat,1250756,104.03
2025-08-11 00:00,router,ROU-080,BLR,config_change,3249363,28.32
2025-09-27 22:00,switch,SWI-006,LON,heartbeat,743642,103.98
2025-01-17 22:00,server,SER-102,NYC,error,1039355,77.45
2025-02-28 03:00,router,ROU-080,NYC,config_change,444542,114.9
2025-12-23 04:00,router,ROU-061,SJC,config_change,1010008,79.16
2025-12-30 01:00,router,ROU-003,AUS,error,2058613,99.65
2025-10-31 06:00,router,ROU-069,LON,config_change,3371524,70.87
2025-12-02 12:00,vm,VM-003,BLR,error,1515210,50.08
2025-12-27 09:00,switch,SWI-033,SJC,traffic,834270,65.24
2025-07-14 19:00,router,ROU-033,AUS,traffic,2574576,114.28
2025-04-26 12:00,router,ROU-042,SJC,latency,491748,36.11
2025-03-09 09:00,switch,SWI-053,LON,error,3151032,113.02
2025-03-24 13:00,router,ROU-031,NYC,config_change,1984831,59.41
2025-12-11 08:00,switch,SWI-015,SJC,error,2671399,56.05
2025-10-05 21:00,router,ROU-004,AUS,heartbeat,157219,32.66
2025-03-11 07:00,router,ROU-072,LON,latency,4767789,49.11
2025-02-27 06:00,vm,VM-065,AUS,latency,3132511,65.08
2025-04-25 19:00,server,SER-069,NYC,heartbeat,3790486,5.49
2025-11-14 04:00,vm,VM-080,AUS,error,5554,7.69
2025-11-26 04:00,switch,SWI-033,LON,heartbeat,1785711,70.43
2025-12-15 09:00,switch,SWI-021,NYC,config_change,587659,36.43
2025-09-27 20:00,server,SER-107,NYC,latency,2345266,105.45
2025-05-24 22:00,server,SER-103,LON,error,2193451,117.57
2025-11-06 01:00,switch,SWI-085,LON,error,1767841,55.45
2025-08-13 05:00,router,ROU-089,SJC,latency,3998414,1.01
2025-01-07 12:00,server,SER-053,BLR,config_change,3295970,64.81
2025-02-22 22:00,server,SER-115,SJC,heartbeat,2962134,116.66
2025-09-14 22:00,vm,VM-046,AUS,heartbeat,71727,15.41
2025-09-10 21:00,vm,VM-057,AUS,traffic,166940,91.13
2025-09-02 06:00,router,ROU-105,LON,config_change,1856121,28.49
2025-12-04 02:00,vm,VM-005,BLR,error,1754943,1.35
2025-09-28 09:00,router,ROU-036,NYC,config_change,4145067,20.87
2025-05-13 06:00,server,SER-073,NYC,config_change,1473442,8.31
2025-03-29 13:00,server,SER-017,NYC,error,1913310,105.78
2025-07-07 06:00,router,ROU-087,NYC,traffic,2122655,81.84
2025-11-06 21:00,router,ROU-055,LON,traffic,3629477,101.4
2025-10-05 18:00,switch,SWI-088,BLR,config_change,4158182,43.7
2025-01-30 16:00,vm,VM-029,LON,traffic,3524736,64.12
2025-08-04 21:00,router,ROU-025,SJC,error,4797770,97.02
2025-06-04 00:00,vm,VM-055,AUS,traffic,1652522,20.16
2025-08-01 04:00,router,ROU-081,SJC,traffic,4027250,52.12
2025-01-17 09:00,server,SER-081,LON,error,2074274,13.39
2025-06-12 17:00,vm,VM-107,LON,traffic,4360350,95.4
2025-02-19 18:00,server,SER-080,SJC,heartbeat,3746145,69.68
2025-02-28 09:00,vm,VM-118,BLR,traffic,2628978,106.87
2025-02-14 09:00,server,SER-008,SJC,heartbeat,2529922,73.48
2025-10-22 19:00,router,ROU-087,NYC,traffic,438911,35.74
2025-09-18 09:00,switch,SWI-080,AUS,heartbeat,89974,54.68
2025-11-13 21:00,server,SER-113,NYC,config_change,850580,41.08
2025-01-18 17:00,switch,SWI-043,AUS,config_change,907024,12.77
2025-02-16 02:00,server,SER-108,NYC,latency,1057810,76.66
2025-06-24 22:00,switch,SWI-062,BLR,config_change,1560638,29.56
2025-01-31 02:00,router,ROU-040,BLR,config_change,4305410,115.19
2025-09-02 05:00,switch,SWI-114,AUS,config_change,1237556,56.61
2025-08-23 02:00,switch,SWI-002,NYC,config_change,1213995,7.35
2025-12-13 04:00,vm,VM-072,BLR,traffic,2885138,23.85
2025-05-17 18:00,server,SER-026,LON,traffic,1589429,80.31
2025-11-16 01:00,server,SER-043,NYC,config_change,2816724,74.12
2025-10-13 19:00,switch,SWI-014,SJC,heartbeat,4161168,26.72
2025-01-03 12:00,server,SER-089,BLR,latency,1788935,29.06
2025-08-15 07:00,vm,VM-049,BLR,latency,1546554,99.22
2025-01-05 14:00,switch,SWI-010,SJC,error,4654090,14.27
2025-07-18 08:00,switch,SWI-081,LON,config_change,369300,117.05
2025-05-16 22:00,router,ROU-023,LON,latency,1463004,41.11
2025-06-17 21:00,router,ROU-003,LON,latency,849845,3.01
2025-04-04 16:00,switch,SWI-101,LON,traffic,1764598,36.96
2025-06-13 22:00,switch,SWI-048,NYC,latency,3639290,105.47
2025-02-14 15:00,router,ROU-113,AUS,latency,1608939,64.14
2025-09-13 11:00,switch,SWI-055,SJC,latency,4927846,23.1
2025-07-20 19:00,server,SER-042,SJC,latency,2350425,104.81
2025-12-13 23:00,vm,VM-114,AUS,heartbeat,683897,94.27
2025-02-14 06:00,router,ROU-050,LON,config_change,4183457,62.51
2025-05-03 04:00,switch,SWI-048,BLR,config_change,4151616,57.11
2025-10-01 17:00,server,SER-102,SJC,config_change,1739116,26.73
2025-05-19 13:00,switch,SWI-031,AUS,heartbeat,2567905,51.29
2025-09-15 10:00,server,SER-120,LON,error,4619364,10.63
2025-02-27 08:00,switch,SWI-067,AUS,error,4899630,5.42
2025-12-16 16:00,server,SER-055,BLR,heartbeat,3629120,49.37
2025-12-06 15:00,switch,SWI-049,AUS,traffic,3706151,28.44
2025-02-21 19:00,switch,SWI-011,NYC,error,4302602,65.82
2025-02-23 08:00,server,SER-119,SJC,latency,995787,9.03
2025-01-27 03:00,server,SER-043,LON,latency,2098350,36.67
2025-07-07 08:00,router,ROU-078,NYC,latency,2191562,1.52
2025-07-24 10:00,switch,SWI-045,BLR,heartbeat,4866004,91.06
2025-01-09 02:00,switch,SWI-066,BLR,latency,1910066,27.62
2025-05-24 06:00,switch,SWI-067,NYC,config_change,3933062,86.84
2025-11-11 23:00,switch,SWI-011,AUS,error,3597976,92.53
2025-10-13 03:00,router,ROU-058,SJC,config_change,3144212,17.1
2025-03-29 14:00,switch,SWI-095,BLR,traffic,2976124,41.11
2025-10-14 03:00,switch,SWI-097,NYC,heartbeat,2514539,39.47
2025-01-16 20:00,server,SER-005,AUS,latency,2771342,68.4
2025-09-24 20:00,vm,VM-027,SJC,heartbeat,4484631,46.68
2025-11-21 02:00,router,ROU-073,LON,heartbeat,783166,20.99
2025-05-02 06:00,router,ROU-089,BLR,config_change,226137,22.81
2025-02-17 10:00,vm,VM-050,AUS,error,1955876,35.29
2025-12-24 23:00,router,ROU-008,NYC,error,93669,21.03
2025-10-08 11:00,switch,SWI-015,NYC,latency,3510904,57.65
2025-02-16 22:00,switch,SWI-116,AUS,latency,1726343,37.52
2025-11-21 02:00,router,ROU-074,NYC,error,1703659,60.55
2025-11-10 07:00,switch,SWI-001,BLR,latency,537619,99.04
2025-06-18 12:00,server,SER-117,BLR,config_change,3861475,55.79
2025-01-27 16:00,server,SER-037,LON,heartbeat,2496180,47.24
2025-04-30 13:00,switch,SWI-023,BLR,config_change,3841540,46.47
2025-05-06 05:00,server,SER-013,SJC,heartbeat,2011709,106.32
2025-04-18 19:00,switch,SWI-081,LON,config_change,560888,83.92
2025-05-29 07:00,vm,VM-053,SJC,config_change,3094148,9.65
2025-03-13 19:00,server,SER-100,BLR,error,3783725,20.2
2025-05-22 13:00,server,SER-060,SJC,traffic,3875731,46.05
2025-09-30 14:00,vm,VM-051,SJC,traffic,2103233,14.2
2025-04-04 04:00,switch,SWI-096,BLR,heartbeat,3871143,8.65
2025-06-15 09:00,server,SER-057,BLR,latency,2342611,101.07
2025-04-27 10:00,vm,VM-078,AUS,traffic,2468464,15.34
2025-09-24 19:00,router,ROU-086,LON,traffic,1288621,53.16
2025-05-02 11:00,router,ROU-005,AUS,config_change,3709252,83.76
2025-12-23 22:00,server,SER-092,BLR,traffic,2587411,53.56
2025-01-04 04:00,router,ROU-049,AUS,latency,3143747,109.1
2025-05-17 12:00,router,ROU-054,SJC,traffic,2828939,98.55
2025-02-13 03:00,router,ROU-113,AUS,traffic,1402293,5.76
2025-12-16 20:00,router,ROU-042,NYC,error,1591039,75.15
2025-09-27 16:00,vm,VM-016,AUS,latency,889230,43.11
2025-04-29 12:00,router,ROU-084,SJC,error,3265734,25.93
2025-05-31 06:00,router,ROU-105,NYC,error,3096228,5.75
2025-05-30 04:00,switch,SWI-099,BLR,config_change,855074,85.65
2025-04-28 01:00,switch,SWI-013,LON,config_change,3260523,81.51
2025-04-01 17:00,switch,SWI-082,BLR,error,567344,40.55
2025-11-03 10:00,switch,SWI-082,NYC,latency,4929043,84.7
2025-01-10 01:00,router,ROU-079,LON,traffic,1984036,88.68
2025-06-16 06:00,server,SER-008,LON,latency,4184620,35.95
2025-04-14 12:00,switch,SWI-083,AUS,traffic,3723245,88.84
2025-08-13 09:00,router,ROU-041,NYC,traffic,3481378,77.94
2025-07-16 22:00,server,SER-030,LON,error,2033131,25.1
2025-02-06 21:00,vm,VM-086,AUS,latency,3201135,62.82
2025-05-06 07:00,switch,SWI-001,BLR,traffic,588076,114.46
2025-02-05 13:00,server,SER-019,AUS,latency,770733,21.25
2025-05-20 12:00,router,ROU-011,BLR,heartbeat,2613740,20.12
2025-05-15 20:00,router,ROU-023,AUS,config_change,2543593,34.6
2025-11-03 00:00,vm,VM-026,BLR,error,672222,114.15
2025-09-03 11:00,switch,SWI-022,BLR,heartbeat,3546841,60.88
2025-10-23 21:00,server,SER-105,SJC,heartbeat,3200577,51.57
2025-02-26 19:00,server,SER-118,NYC,error,4507340,18.76
2025-04-30 22:00,switch,SWI-060,BLR,error,2376869,45.33
2025-11-25 06:00,router,ROU-018,AUS,heartbeat,1298922,109.98
2025-01-03 20:00,router,ROU-065,BLR,error,3394655,111.12
2025-09-27 09:00,vm,VM-048,BLR,heartbeat,2583104,77.11
2025-02-18 15:00,switch,SWI-005,BLR,traffic,4745668,19.9
2025-10-25 20:00,vm,VM-099,NYC,error,4099857,76.38
2025-09-09 08:00,server,SER-084,BLR,heartbeat,2071239,29.46
2025-01-24 13:00,vm,VM-047,AUS,traffic,2193200,72.85
2025-04-11 14:00,switch,SWI-078,AUS,config_change,104493,14.45
2025-03-05 00:00,server,SER-118,BLR,heartbeat,4918070,116.91
2025-02-24 20:00,server,SER-025,AUS,heartbeat,3581857,30.72
2025-07-26 07:00,server,SER-069,NYC,heartbeat,2584513,88.21
2025-03-02 16:00,router,ROU-074,AUS,error,2257714,89.97
2025-09-29 16:00,server,SER-001,BLR,latency,14242,12.08
2025-10-13 05:00,server,SER-084,BLR,error,1432383,21.58
2025-05-08 05:00,server,SER-026,AUS,heartbeat,4217229,113.84
2025-11-04 15:00,server,SER-028,AUS,latency,495777,90.11
2025-05-11 23:00,switch,SWI-116,BLR,heartbeat,916997,104.27
2025-04-24 09:00,router,ROU-011,SJC,heartbeat,2322649,8.18
2025-01-21 06:00,server,SER-062,SJC,heartbeat,80746,7.8
2025-01-05 22:00,server,SER-102,SJC,traffic,1771569,62.92
2025-01-05 22:00,switch,SWI-067,BLR,error,3970755,90.95
2025-10-21 04:00,switch,SWI-088,LON,error,2010885,112.95
2025-09-30 00:00,switch,SWI-008,LON,error,841348,0.87
2025-10-02 07:00,server,SER-114,SJC,latency,1031914,104.35
2025-07-10 18:00,vm,VM-097,LON,latency,3791963,74.39
2025-11-21 09:00,server,SER-085,SJC,latency,2703671,2.49
2025-09-03 21:00,vm,VM-104,BLR,error,1960231,73.01
2025-10-01 04:00,server,SER-102,LON,traffic,3590621,112.72
2025-11-22 00:00,vm,VM-110,BLR,traffic,2466101,73.06
2025-04-08 17:00,vm,VM-113,NYC,config_change,267302,15.78
2025-03-01 10:00,switch,SWI-087,BLR,config_change,1410729,107.62
2025-03-20 23:00,switch,SWI-070,AUS,latency,1776371,20.87
2025-03-03 01:00,router,ROU-092,AUS,traffic,2739887,108.37
2025-07-11 09:00,router,ROU-033,SJC,heartbeat,1139807,110.77
2025-12-02 20:00,router,ROU-089,AUS,error,4832604,92.08
2025-02-14 03:00,server,SER-049,NYC,heartbeat,3666505,97.11
2025-06-02 14:00,switch,SWI-038,SJC,traffic,748755,41.16
2025-05-09 10:00,server,SER-015,LON,config_change,1069855,102.47
2025-09-17 13:00,server,SER-001,SJC,error,4950780,64.5
2025-09-22 23:00,vm,VM-041,AUS,error,4360990,79.82
2025-06-01 15:00,router,ROU-002,BLR,config_change,2651181,17.79
2025-07-22 15:00,vm,VM-064,AUS,heartbeat,2378271,17.93
2025-01-24 10:00,server,SER-040,SJC,config_change,2294886,119.62
2025-11-23 12:00,server,SER-028,LON,heartbeat,3161061,7.53
2025-08-16 10:00,router,ROU-092,AUS,latency,441958,110.82
2025-05-03 05:00,vm,VM-094,LON,heartbeat,1336409,118.93
2025-09-25 19:00,switch,SWI-087,LON,heartbeat,3283988,47.23
2025-12-27 08:00,server,SER-037,NYC,latency,3304202,12.13
2025-08-09 18:00,server,SER-075,LON,traffic,3839060,78.73
2025-04-04 21:00,switch,SWI-062,AUS,error,1760647,26.57
2025-05-14 13:00,server,SER-002,NYC,error,856200,81.56
2025-04-11 18:00,switch,SWI-055,SJC,latency,806706,42.99
2025-11-20 11:00,router,ROU-007,NYC,traffic,2840424,71.41
2025-04-12 10:00,server,SER-052,SJC,latency,997587,29.28
2025-11-30 13:00,switch,SWI-077,BLR,latency,752712,93.44
2025-09-18 20:00,switch,SWI-084,LON,heartbeat,98328,14.84
2025-02-26 09:00,router,ROU-083,AUS,config_change,194162,70.63
2025-11-24 08:00,switch,SWI-096,NYC,traffic,1520148,46.38
2025-10-24 01:00,switch,SWI-017,LON,traffic,533662,85.8
2025-05-07 05:00,switch,SWI-090,BLR,traffic,4665570,98.19
2025-12-28 20:00,switch,SWI-067,NYC,config_change,1041936,90.54
2025-05-22 15:00,vm,VM-115,AUS,traffic,1510425,1.14
2025-11-02 07:00,vm,VM-016,AUS,traffic,4825129,25.14
2025-04-21 01:00,router,ROU-033,SJC,traffic,1047203,60.98
2025-09-06 04:00,vm,VM-022,SJC,heartbeat,2084202,36.42
2025-12-21 14:00,vm,VM-038,BLR,config_change,1174189,69.46
2025-08-02 15:00,server,SER-046,NYC,config_change,4284142,25.58
2025-03-09 14:00,server,SER-006,SJC,latency,1578676,17.43
2025-05-27 22:00,vm,VM-078,AUS,config_change,4965236,43.41
2025-03-29 17:00,server,SER-055,NYC,traffic,2139821,31.65
2025-04-22 11:00,switch,SWI-011,BLR,error,1202617,64.54
2025-02-18 04:00,server,SER-035,LON,latency,4729173,79.05
2025-12-16 03:00,server,SER-054,LON,latency,3638528,45.78
2025-06-18 23:00,router,ROU-016,SJC,config_change,4601050,49.11
2025-08-13 20:00,server,SER-047,LON,error,1228501,104.33
2025-06-04 02:00,switch,SWI-013,AUS,heartbeat,3177198,114.24
2025-03-26 07:00,router,ROU-094,NYC,error,4108218,11.92
2025-08-27 04:00,server,SER-111,NYC,error,2274765,73.09
2025-02-02 17:00,router,ROU-097,AUS,heartbeat,2896520,96.83
2025-12-29 23:00,server,SER-113,BLR,heartbeat,4969657,15.74
2025-01-07 11:00,server,SER-092,AUS,latency,1197803,45.77
2025-07-02 12:00,router,ROU-093,AUS,error,3509482,84.96
2025-05-05 23:00,switch,SWI-046,NYC,heartbeat,2407017,33.46
2025-10-20 00:00,server,SER-092,LON,latency,730324,113.72
2025-10-05 12:00,server,SER-109,SJC,traffic,644349,87.73
2025-03-05 22:00,router,ROU-008,LON,traffic,4649629,111.59
2025-01-08 07:00,vm,VM-055,AUS,config_change,4024645,59.99
2025-12-30 10:00,server,SER-052,NYC,traffic,1596379,109.35
2025-01-05 23:00,server,SER-090,LON,config_change,2049718,119.31
2025-12-27 12:00,server,SER-006,BLR,config_change,1414751,81.11
2025-12-24 09:00,vm,VM-023,LON,traffic,1119359,61.89
2025-02-04 18:00,switch,SWI-049,LON,latency,950871,40.89
2025-06-20 12:00,vm,VM-109,LON,traffic,2510686,58.23
2025-06-30 17:00,router,ROU-095,BLR,config_change,1825213,110.81
2025-12-18 22:00,vm,VM-005,NYC,heartbeat,4096875,7.37
2025-01-05 00:00,server,SER-043,LON,error,899957,1.12
2025-05-08 02:00,switch,SWI-002,BLR,traffic,4128582,24.11
2025-12-28 04:00,server,SER-020,SJC,heartbeat,4089709,1.33
2025-06-20 18:00,router,ROU-051,LON,error,3058611,51.69
2025-05-05 08:00,server,SER-035,BLR,traffic,3686591,19.84
2025-08-30 11:00,server,SER-001,AUS,error,929330,23.15
2025-01-28 11:00,router,ROU-054,SJC,error,1345798,80.11
2025-11-24 04:00,vm,VM-035,BLR,traffic,4103598,66.24
2025-03-28 23:00,switch,SWI-098,NYC,heartbeat,3262897,16.2
2025-03-15 15:00,server,SER-017,LON,latency,4195311,2.13
2025-06-11 10:00,router,ROU-107,BLR,error,68351,52.4
2025-07-17 14:00,switch,SWI-011,AUS,heartbeat,1280226,87.65
2025-05-08 13:00,router,ROU-099,LON,traffic,2075958,80.13
2025-10-20 23:00,router,ROU-091,NYC,traffic,1520917,23.05
2025-04-12 12:00,router,ROU-017,SJC,heartbeat,2298317,118.85
2025-04-10 19:00,switch,SWI-079,SJC,latency,428444,45.95
2025-12-25 09:00,switch,SWI-082,AUS,latency,2821064,51.42
2025-02-11 21:00,server,SER-083,LON,traffic,924207,32.67
2025-07-11 12:00,vm,VM-092,AUS,heartbeat,2684019,107.47
2025-05-05 01:00,router,ROU-007,AUS,error,2394412,56.91
2025-03-10 18:00,switch,SWI-033,LON,heartbeat,2805161,36.87
2025-03-08 03:00,server,SER-088,AUS,config_change,2779405,43.59
2025-09-04 16:00,server,SER-076,NYC,config_change,3118142,28.97
2025-07-08 09:00,router,ROU-050,SJC,traffic,1095590,75.73
2025-03-24 03:00,router,ROU-117,AUS,latency,3740388,111.1
2025-02-21 02:00,vm,VM-080,LON,error,3978865,118.76
2025-05-18 21:00,server,SER-020,AUS,traffic,1609152,50.48
2025-06-22 09:00,vm,VM-098,LON,config_change,3071331,54.09
2025-03-22 03:00,vm,VM-009,BLR,heartbeat,4394640,111.79
2025-12-10 23:00,server,SER-022,LON,config_change,1082578,35.11
2025-02-11 12:00,server,SER-089,BLR,latency,4153578,82.32
2025-12-17 12:00,vm,VM-022,NYC,heartbeat,3223487,67.72
2025-09-24 09:00,switch,SWI-035,AUS,latency,31203,19.62
2025-05-29 16:00,server,SER-002,BLR,config_change,4227329,85.08
2025-12-25 10:00,switch,SWI-110,LON,latency,2253464,66.48
2025-04-27 19:00,router,ROU-069,LON,latency,328916,76.93
2025-07-09 14:00,vm,VM-035,AUS,traffic,1762376,64.38
2025-01-01 22:00,server,SER-081,LON,config_change,2723622,10.45
2025-06-30 06:00,server,SER-053,LON,config_change,2724236,118.24
2025-01-08 02:00,vm,VM-029,AUS,error,2148376,116.61
2025-03-14 15:00,server,SER-089,LON,heartbeat,4622097,25.14
2025-10-29 20:00,router,ROU-035,NYC,latency,3318387,19.1
2025-06-08 04:00,server,SER-056,AUS,error,4019201,11.7
2025-05-04 21:00,switch,SWI-105,AUS,latency,4779637,59.12
2025-05-04 03:00,server,SER-003,AUS,error,1491943,98.19
2025-05-09 05:00,router,ROU-010,AUS,heartbeat,3818019,109.14
2025-10-02 18:00,router,ROU-068,SJC,latency,837595,45.66
2025-01-15 03:00,router,ROU-002,AUS,traffic,2084251,92.53
2025-07-02 17:00,router,ROU-081,SJC,config_change,79820,114.94
2025-03-14 14:00,server,SER-105,SJC,error,1698196,17.14
2025-10-31 07:00,vm,VM-040,BLR,error,1297151,29.64
2025-07-02 14:00,server,SER-016,SJC,traffic,863477,65.58
2025-03-12 00:00,server,SER-108,AUS,heartbeat,11153,109.5
2025-01-17 09:00,router,ROU-050,LON,latency,2407240,27.49
2025-09-20 15:00,server,SER-092,BLR,traffic,1423364,118.9
2025-06-03 06:00,router,ROU-037,SJC,error,2800486,14.64
2025-02-27 21:00,vm,VM-078,AUS,latency,3596595,63.89
2025-05-04 19:00,server,SER-020,NYC,error,2408577,42.13
2025-03-12 22:00,switch,SWI-064,LON,error,641633,94.77
2025-04-12 11:00,server,SER-019,AUS,error,3277586,53.88
2025-11-23 14:00,vm,VM-015,BLR,config_change,2337027,17.79
2025-08-09 12:00,vm,VM-024,LON,heartbeat,2679614,59.56
2025-11-25 13:00,server,SER-053,LON,config_change,1160484,96.36
2025-06-17 20:00,switch,SWI-071,NYC,heartbeat,4478592,59.37
2025-06-07 02:00,switch,SWI-075,NYC,heartbeat,4848578,93.3
2025-05-30 17:00,server,SER-031,SJC,error,1706233,119.27
2025-01-12 17:00,switch,SWI-061,SJC,latency,500771,109.41
2025-09-04 08:00,vm,VM-111,LON,latency,3863017,17.72
2025-10-15 10:00,router,ROU-106,SJC,latency,1156961,14.51
2025-04-08 16:00,switch,SWI-004,LON,heartbeat,454683,84.32
2025-02-20 08:00,switch,SWI-077,SJC,latency,1233174,44.15
2025-02-23 22:00,router,ROU-002,BLR,config_change,1256919,91.97
2025-11-17 16:00,server,SER-096,LON,config_change,3945193,49.68
2025-08-19 06:00,switch,SWI-083,LON,traffic,934372,19.13
2025-01-22 22:00,server,SER-023,AUS,config_change,92163,47.87
2025-10-17 04:00,server,SER-113,NYC,heartbeat,2165716,110.34
2025-12-09 14:00,switch,SWI-030,AUS,heartbeat,2281255,116.79
2025-12-23 00:00,switch,SWI-017,BLR,latency,470735,26.66
2025-05-06 09:00,vm,VM-072,SJC,config_change,3930526,57.55
2025-10-04 13:00,vm,VM-022,LON,traffic,3559631,23.77
2025-03-16 00:00,router,ROU-047,LON,config_change,236290,29.12
2025-04-22 02:00,server,SER-009,NYC,latency,93081,90.9
2025-07-31 00:00,router,ROU-026,AUS,traffic,2258944,10.66
2025-01-31 15:00,server,SER-102,SJC,heartbeat,404063,38.09
2025-07-30 16:00,router,ROU-046,BLR,error,4197116,23.79
2025-09-24 16:00,server,SER-017,LON,traffic,3417567,107.63
2025-12-10 18:00,router,ROU-104,SJC,latency,4926585,95.63
2025-11-22 14:00,server,SER-110,LON,traffic,1353436,18.61
2025-11-13 03:00,router,ROU-081,AUS,traffic,1809979,96.99
2025-04-07 03:00,server,SER-021,NYC,config_change,4390650,111.66
2025-08-22 01:00,switch,SWI-017,LON,error,3023552,75.0
2025-10-22 03:00,router,ROU-092,AUS,heartbeat,1752714,119.64
2025-02-21 04:00,vm,VM-073,SJC,heartbeat,126340,17.54
2025-07-31 07:00,server,SER-103,BLR,traffic,790485,54.85
2025-04-26 20:00,vm,VM-021,LON,traffic,4837130,43.92
2025-03-02 21:00,router,ROU-091,LON,heartbeat,3971000,117.43
2025-10-29 18:00,server,SER-018,NYC,traffic,4096813,5.23
2025-07-15 16:00,switch,SWI-110,AUS,config_change,3698930,44.32
2025-08-03 02:00,switch,SWI-088,NYC,heartbeat,3776647,31.91
2025-01-30 03:00,server,SER-083,AUS,traffic,4705334,1.45
2025-03-13 21:00,switch,SWI-021,BLR,config_change,613189,27.15
2025-11-12 13:00,server,SER-045,BLR,heartbeat,4489876,108.07
2025-11-14 08:00,router,ROU-024,BLR,traffic,3634226,24.34
2025-08-13 09:00,router,ROU-044,BLR,config_change,1784713,84.42
2025-11-22 02:00,router,ROU-059,NYC,traffic,1307451,113.85
2025-04-10 08:00,server,SER-041,SJC,config_change,3191060,7.96
2025-09-04 18:00,server,SER-061,SJC,latency,1775130,104.23
2025-10-16 17:00,switch,SWI-082,SJC,latency,1189983,8.78
2025-10-04 12:00,router,ROU-112,BLR,heartbeat,4403156,26.09
2025-06-27 02:00,router,ROU-007,BLR,traffic,2870064,115.62
2025-07-22 16:00,router,ROU-045,BLR,heartbeat,3989778,64.49
2025-04-20 16:00,vm,VM-056,NYC,error,3265325,98.85
2025-05-16 13:00,router,ROU-086,NYC,config_change,1214137,39.19
2025-08-05 01:00,router,ROU-115,AUS,heartbeat,4190653,103.78
2025-03-19 13:00,server,SER-087,LON,heartbeat,4368878,86.81
2025-11-04 13:00,vm,VM-110,BLR,latency,4852778,12.14
2025-05-30 05:00,server,SER-025,NYC,heartbeat,1394356,72.31
2025-05-28 13:00,switch,SWI-025,SJC,config_change,3106935,97.75
2025-01-12 01:00,switch,SWI-040,SJC,config_change,4188011,78.04
2025-11-08 07:00,switch,SWI-046,NYC,error,3573281,63.02
2025-08-18 06:00,router,ROU-023,BLR,heartbeat,3130969,21.64
2025-04-22 00:00,server,SER-049,BLR,error,2377059,84.4
2025-03-09 17:00,vm,VM-104,SJC,traffic,138795,74.14
2025-10-08 18:00,router,ROU-096,NYC,config_change,837361,76.21
2025-12-10 15:00,server,SER-005,BLR,error,1778303,27.13
2025-11-07 08:00,server,SER-015,BLR,latency,1044883,42.4
2025-11-13 17:00,switch,SWI-106,SJC,heartbeat,3143739,93.97
2025-12-13 11:00,switch,SWI-113,LON,error,3479894,80.96
2025-01-03 20:00,vm,VM-054,SJC,traffic,221174,18.83
2025-09-13 14:00,vm,VM-067,LON,config_change,2811938,20.86
2025-10-21 13:00,router,ROU-051,NYC,latency,3300388,99.51
2025-10-20 22:00,router,ROU-082,AUS,heartbeat,3382607,108.55
2025-12-20 03:00,router,ROU-030,AUS,traffic,4231014,14.65
2025-09-25 14:00,vm,VM-081,NYC,error,1335234,113.87
2025-05-20 02:00,router,ROU-004,SJC,heartbeat,4977862,18.79
2025-02-23 18:00,server,SER-004,BLR,latency,3005139,22.79
2025-06-01 09:00,switch,SWI-069,BLR,latency,2186062,79.28
2025-07-07 17:00,router,ROU-019,NYC,traffic,868543,13.76
2025-03-25 18:00,router,ROU-037,AUS,error,779271,9.75
2025-09-04 17:00,vm,VM-027,SJC,heartbeat,4120116,95.56
2025-10-10 10:00,router,ROU-081,AUS,traffic,3523436,45.34
2025-08-03 01:00,server,SER-058,AUS,latency,2507138,1.71
2025-05-02 23:00,server,SER-081,SJC,config_change,984204,117.12
2025-08-25 17:00,switch,SWI-079,NYC,config_change,43065,19.43
2025-06-23 17:00,vm,VM-025,SJC,config_change,4496909,3.25
2025-12-16 08:00,server,SER-028,SJC,error,1820973,4.02
2025-04-05 14:00,router,ROU-094,LON,latency,2296680,58.05
2025-03-04 18:00,switch,SWI-071,BLR,error,4160086,52.61
2025-10-01 00:00,vm,VM-033,AUS,latency,2358893,115.44
2025-03-12 05:00,server,SER-099,LON,config_change,1390599,95.39
2025-11-30 00:00,switch,SWI-058,NYC,heartbeat,2279966,98.0
2025-03-15 10:00,server,SER-055,NYC,latency,2961469,45.19
2025-02-13 20:00,switch,SWI-114,NYC,traffic,2123851,70.63
2025-07-20 08:00,server,SER-113,LON,config_change,3342238,4.08
2025-05-03 19:00,vm,VM-055,LON,latency,2058877,9.18
2025-09-11 17:00,switch,SWI-100,SJC,error,81807,38.57
2025-01-08 10:00,server,SER-028,NYC,heartbeat,2698451,107.9
2025-02-15 05:00,switch,SWI-078,NYC,latency,1825215,12.8
2025-07-09 19:00,server,SER-114,NYC,traffic,3538896,82.01
2025-10-25 02:00,switch,SWI-041,AUS,latency,417576,96.43
2025-12-07 09:00,router,ROU-036,SJC,heartbeat,1041964,54.61
2025-08-12 03:00,server,SER-031,SJC,config_change,2392062,2.63
2025-01-04 04:00,vm,VM-037,BLR,latency,311447,107.55
2025-12-27 02:00,router,ROU-083,SJC,traffic,3942751,11.87
2025-10-11 08:00,server,SER-036,LON,error,3359331,10.03
2025-08-02 19:00,switch,SWI-007,LON,heartbeat,3814308,59.45
2025-03-24 21:00,vm,VM-080,SJC,traffic,1880168,6.22
2025-01-08 02:00,router,ROU-042,AUS,heartbeat,1428669,11.02
2025-09-09 19:00,vm,VM-069,SJC,traffic,2179418,106.06
2025-01-30 09:00,router,ROU-039,LON,traffic,2763611,82.71
2025-09-17 02:00,switch,SWI-022,NYC,latency,3865579,14.83
2025-08-06 23:00,vm,VM-097,BLR,config_change,3748860,80.35
2025-12-23 04:00,server,SER-074,BLR,heartbeat,2354353,38.97
2025-11-26 12:00,router,ROU-034,SJC,error,2962259,67.24
2025-06-15 11:00,server,SER-095,SJC,latency,631356,116.63
2025-02-11 03:00,router,ROU-086,BLR,latency,3231119,22.96
2025-03-13 08:00,switch,SWI-105,NYC,config_change,4312134,103.09
2025-08-01 20:00,server,SER-084,NYC,latency,887344,109.74
2025-05-30 08:00,vm,VM-050,NYC,heartbeat,4308248,24.76
2025-10-01 04:00,router,ROU-036,AUS,heartbeat,2577533,114.2
2025-03-11 16:00,router,ROU-113,SJC,traffic,2018984,2.48
2025-11-11 14:00,router,ROU-004,NYC,heartbeat,3798027,42.56
2025-03-22 18:00,vm,VM-011,BLR,error,1779938,18.5
2025-12-09 19:00,switch,SWI-043,BLR,traffic,2287641,44.69
2025-02-03 13:00,server,SER-094,AUS,heartbeat,2467300,23.14
2025-05-01 14:00,server,SER-068,BLR,config_change,4351486,52.31
2025-02-04 01:00,server,SER-015,SJC,latency,446751,107.46
2025-07-01 17:00,router,ROU-069,LON,traffic,1900726,105.97
2025-10-04 04:00,switch,SWI-013,LON,latency,4154800,25.08
2025-05-19 23:00,switch,SWI-037,LON,config_change,27062,11.76
2025-12-10 13:00,vm,VM-080,LON,heartbeat,2002685,20.84
2025-02-17 09:00,router,ROU-043,AUS,heartbeat,107827,80.09
2025-10-20 03:00,switch,SWI-023,SJC,error,1433146,81.66
2025-01-07 15:00,server,SER-061,SJC,config_change,4097218,104.85
2025-11-19 14:00,router,ROU-105,NYC,traffic,2439220,100.33
2025-12-25 14:00,server,SER-097,SJC,latency,839797,36.9
2025-08-18 03:00,switch,SWI-095,NYC,error,2159720,79.78
2025-06-23 01:00,switch,SWI-002,LON,error,2800604,107.02
2025-11-27 15:00,router,ROU-088,SJC,config_change,1241678,117.45
2025-05-31 08:00,server,SER-019,BLR,error,260247,29.7
2025-10-22 00:00,switch,SWI-096,AUS,traffic,3170033,76.83
2025-07-06 23:00,vm,VM-087,BLR,config_change,4421015,21.41
2025-08-27 03:00,vm,VM-051,BLR,config_change,2318328,37.46
2025-01-29 01:00,server,SER-090,NYC,error,1032473,52.3
2025-11-07 15:00,server,SER-102,LON,error,925345,116.35
2025-12-07 14:00,vm,VM-019,AUS,heartbeat,4389803,116.02
2025-04-22 00:00,switch,SWI-037,LON,traffic,131798,54.74
2025-05-29 08:00,switch,SWI-076,SJC,traffic,4097714,37.05
2025-10-21 18:00,switch,SWI-107,SJC,traffic,2110176,16.96
2025-07-13 09:00,server,SER-065,AUS,config_change,722449,85.73
2025-04-08 09:00,vm,VM-026,NYC,heartbeat,678111,35.25
2025-01-22 22:00,switch,SWI-046,BLR,latency,3545717,48.19
2025-03-08 23:00,vm,VM-118,NYC,error,2607640,21.21
2025-10-25 12:00,server,SER-042,AUS,config_change,1674583,30.38
2025-10-12 04:00,server,SER-039,SJC,error,2495219,68.22
2025-11-11 19:00,server,SER-049,SJC,heartbeat,1163743,63.43
2025-08-02 20:00,server,SER-088,BLR,error,2972193,51.61
2025-10-15 01:00,vm,VM-060,NYC,traffic,222644,114.92
2025-10-15 08:00,router,ROU-018,LON,config_change,2036459,69.85
2025-09-12 17:00,router,ROU-070,LON,config_change,450092,90.76
2025-09-26 01:00,router,ROU-086,BLR,traffic,4346368,55.5
