timestamp,router_id,site,message,error_code,severity
2025-02-07 02:00,RTR-SJC-04,SJC,Syslog: E-0 interface event on RTR-SJC-04,E-0,high
2025-03-15 01:00,RTR-LON-39,LON,Syslog: E-0 interface event on RTR-LON-39,E-0,medium
2025-11-25 16:00,RTR-LON-04,LON,Syslog: E-0 interface event on RTR-LON-04,E-0,high
2025-12-15 17:00,RTR-SJC-14,SJC,Syslog: E-404 interface event on RTR-SJC-14,E-404,high
2025-12-05 03:00,RTR-AUS-15,AUS,Syslog: E-VPN interface event on RTR-AUS-15,E-VPN,high
2025-04-16 15:00,RTR-LON-20,LON,Syslog: E-BGP interface event on RTR-LON-20,E-BGP,critical
2025-01-05 09:00,RTR-BLR-40,BLR,Syslog: E-BGP interface event on RTR-BLR-40,E-BGP,critical
2025-03-20 07:00,RTR-SJC-01,SJC,Syslog: E-0 interface event on RTR-SJC-01,E-0,low
2025-12-21 20:00,RTR-SJC-16,SJC,Syslog: E-0 interface event on RTR-SJC-16,E-0,medium
2025-01-17 19:00,RTR-NYC-29,NYC,Syslog: E-101 interface event on RTR-NYC-29,E-101,low
2025-07-24 17:00,RTR-BLR-31,BLR,Syslog: E-IFDOWN interface event on RTR-BLR-31,E-IFDOWN,low
2025-06-27 16:00,RTR-NYC-29,NYC,Syslog: E-VPN interface event on RTR-NYC-29,E-VPN,high
2025-03-26 02:00,RTR-BLR-10,BLR,Syslog: E-BGP interface event on RTR-BLR-10,E-BGP,critical
2025-05-07 03:00,RTR-AUS-16,AUS,Syslog: E-0 interface event on RTR-AUS-16,E-0,high
2025-05-17 18:00,RTR-BLR-31,BLR,Syslog: E-0 interface event on RTR-BLR-31,E-0,high
2025-03-10 06:00,RTR-NYC-32,NYC,Syslog: E-101 interface event on RTR-NYC-32,E-101,medium
2025-09-25 01:00,RTR-BLR-07,BLR,Syslog: E-404 interface event on RTR-BLR-07,E-404,medium
2025-04-12 03:00,RTR-SJC-19,SJC,Syslog: E-404 interface event on RTR-SJC-19,E-404,high
2025-09-23 20:00,RTR-SJC-38,SJC,Syslog: E-101 interface event on RTR-SJC-38,E-101,high
2025-10-31 10:00,RTR-SJC-23,SJC,Syslog: E-IFDOWN interface event on RTR-SJC-23,E-IFDOWN,medium
2025-11-09 21:00,RTR-LON-01,LON,Syslog: E-IFDOWN interface event on RTR-LON-01,E-IFDOWN,medium
2025-12-08 18:00,RTR-NYC-14,NYC,Syslog: E-101 interface event on RTR-NYC-14,E-101,high
2025-12-25 10:00,RTR-BLR-33,BLR,Syslog: E-0 interface event on RTR-BLR-33,E-0,high
2025-04-14 08:00,RTR-LON-37,LON,Syslog: E-101 interface event on RTR-LON-37,E-101,high
2025-04-06 14:00,RTR-LON-20,LON,Syslog: E-IFDOWN interface event on RTR-LON-20,E-IFDOWN,low
2025-11-27 05:00,RTR-BLR-31,BLR,Syslog: E-500 interface event on RTR-BLR-31,E-500,critical
2025-05-04 03:00,RTR-NYC-33,NYC,Syslog: E-VPN interface event on RTR-NYC-33,E-VPN,high
2025-06-26 23:00,RTR-AUS-21,AUS,Syslog: E-500 interface event on RTR-AUS-21,E-500,critical
2025-08-26 15:00,RTR-NYC-40,NYC,Syslog: E-VPN interface event on RTR-NYC-40,E-VPN,low
2025-01-31 16:00,RTR-SJC-11,SJC,Syslog: E-0 interface event on RTR-SJC-11,E-0,high
2025-03-14 12:00,RTR-BLR-31,BLR,Syslog: E-101 interface event on RTR-BLR-31,E-101,low
2025-06-11 12:00,RTR-SJC-12,SJC,Syslog: E-BGP interface event on RTR-SJC-12,E-BGP,critical
2025-09-20 04:00,RTR-BLR-05,BLR,Syslog: E-0 interface event on RTR-BLR-05,E-0,medium
2025-03-20 03:00,RTR-SJC-05,SJC,Syslog: E-101 interface event on RTR-SJC-05,E-101,medium
2025-01-21 02:00,RTR-AUS-21,AUS,Syslog: E-0 interface event on RTR-AUS-21,E-0,medium
2025-09-15 19:00,RTR-AUS-37,AUS,Syslog: E-500 interface event on RTR-AUS-37,E-500,critical
2025-05-14 14:00,RTR-LON-32,LON,Syslog: E-101 interface event on RTR-LON-32,E-101,medium
2025-06-03 22:00,RTR-AUS-11,AUS,Syslog: E-101 interface event on RTR-AUS-11,E-101,high
2025-05-12 06:00,RTR-SJC-38,SJC,Syslog: E-0 interface event on RTR-SJC-38,E-0,high
2025-03-07 16:00,RTR-AUS-03,AUS,Syslog: E-VPN interface event on RTR-AUS-03,E-VPN,low
2025-09-03 11:00,RTR-BLR-37,BLR,Syslog: E-404 interface event on RTR-BLR-37,E-404,low
2025-08-21 14:00,RTR-AUS-34,AUS,Syslog: E-404 interface event on RTR-AUS-34,E-404,low
2025-11-20 09:00,RTR-NYC-23,NYC,Syslog: E-101 interface event on RTR-NYC-23,E-101,high
2025-04-05 02:00,RTR-SJC-29,SJC,Syslog: E-101 interface event on RTR-SJC-29,E-101,medium
2025-02-18 09:00,RTR-NYC-06,NYC,Syslog: E-0 interface event on RTR-NYC-06,E-0,high
2025-07-23 14:00,RTR-SJC-08,SJC,Syslog: E-404 interface event on RTR-SJC-08,E-404,low
2025-08-14 21:00,RTR-SJC-15,SJC,Syslog: E-VPN interface event on RTR-SJC-15,E-VPN,medium
2025-06-21 14:00,RTR-BLR-23,BLR,Syslog: E-0 interface event on RTR-BLR-23,E-0,low
2025-07-16 15:00,RTR-SJC-35,SJC,Syslog: E-500 interface event on RTR-SJC-35,E-500,critical
2025-12-20 10:00,RTR-NYC-33,NYC,Syslog: E-101 interface event on RTR-NYC-33,E-101,high
2025-02-08 16:00,RTR-NYC-08,NYC,Syslog: E-500 interface event on RTR-NYC-08,E-500,critical
2025-06-29 13:00,RTR-SJC-03,SJC,Syslog: E-101 interface event on RTR-SJC-03,E-101,medium
2025-05-17 21:00,RTR-LON-04,LON,Syslog: E-0 interface event on RTR-LON-04,E-0,high
2025-08-14 00:00,RTR-SJC-16,SJC,Syslog: E-404 interface event on RTR-SJC-16,E-404,high
2025-01-25 03:00,RTR-LON-05,LON,Syslog: E-IFDOWN interface event on RTR-LON-05,E-IFDOWN,high
2025-02-25 00:00,RTR-NYC-31,NYC,Syslog: E-IFDOWN interface event on RTR-NYC-31,E-IFDOWN,medium
2025-01-29 11:00,RTR-SJC-03,SJC,Syslog: E-404 interface event on RTR-SJC-03,E-404,low
2025-08-28 02:00,RTR-BLR-31,BLR,Syslog: E-101 interface event on RTR-BLR-31,E-101,low
2025-01-15 15:00,RTR-SJC-02,SJC,Syslog: E-VPN interface event on RTR-SJC-02,E-VPN,low
2025-12-31 16:00,RTR-NYC-25,NYC,Syslog: E-BGP interface event on RTR-NYC-25,E-BGP,critical
2025-01-13 08:00,RTR-NYC-31,NYC,Syslog: E-0 interface event on RTR-NYC-31,E-0,medium
2025-03-27 11:00,RTR-BLR-28,BLR,Syslog: E-404 interface event on RTR-BLR-28,E-404,low
2025-10-26 23:00,RTR-SJC-40,SJC,Syslog: E-IFDOWN interface event on RTR-SJC-40,E-IFDOWN,medium
2025-08-29 03:00,RTR-AUS-22,AUS,Syslog: E-101 interface event on RTR-AUS-22,E-101,low
2025-06-12 14:00,RTR-AUS-06,AUS,Syslog: E-500 interface event on RTR-AUS-06,E-500,critical
2025-06-05 01:00,RTR-BLR-35,BLR,Syslog: E-500 interface event on RTR-BLR-35,E-500,critical
2025-01-11 04:00,RTR-AUS-04,AUS,Syslog: E-0 interface event on RTR-AUS-04,E-0,low
2025-10-27 09:00,RTR-AUS-19,AUS,Syslog: E-0 interface event on RTR-AUS-19,E-0,medium
2025-06-16 17:00,RTR-LON-09,LON,Syslog: E-500 interface event on RTR-LON-09,E-500,critical
2025-11-23 19:00,RTR-SJC-05,SJC,Syslog: E-0 interface event on RTR-SJC-05,E-0,high
2025-05-21 12:00,RTR-BLR-23,BLR,Syslog: E-VPN interface event on RTR-BLR-23,E-VPN,low
2025-10-30 18:00,RTR-LON-24,LON,Syslog: E-VPN interface event on RTR-LON-24,E-VPN,medium
2025-06-16 17:00,RTR-NYC-18,NYC,Syslog: E-101 interface event on RTR-NYC-18,E-101,high
2025-12-10 16:00,RTR-SJC-04,SJC,Syslog: E-101 interface event on RTR-SJC-04,E-101,medium
2025-11-28 22:00,RTR-LON-06,LON,Syslog: E-0 interface event on RTR-LON-06,E-0,low
2025-12-22 15:00,RTR-AUS-20,AUS,Syslog: E-BGP interface event on RTR-AUS-20,E-BGP,critical
2025-05-24 21:00,RTR-SJC-24,SJC,Syslog: E-BGP interface event on RTR-SJC-24,E-BGP,critical
2025-04-07 21:00,RTR-SJC-16,SJC,Syslog: E-BGP interface event on RTR-SJC-16,E-BGP,critical
2025-11-06 18:00,RTR-SJC-02,SJC,Syslog: E-404 interface event on RTR-SJC-02,E-404,low
2025-07-04 12:00,RTR-LON-38,LON,Syslog: E-101 interface event on RTR-LON-38,E-101,low
2025-02-10 18:00,RTR-LON-40,LON,Syslog: E-101 interface event on RTR-LON-40,E-101,low
2025-09-19 04:00,RTR-BLR-29,BLR,Syslog: E-0 interface event on RTR-BLR-29,E-0,low
2025-09-16 22:00,RTR-AUS-28,AUS,Syslog: E-404 interface event on RTR-AUS-28,E-404,high
2025-07-28 07:00,RTR-SJC-35,SJC,Syslog: E-VPN interface event on RTR-SJC-35,E-VPN,low
2025-08-18 12:00,RTR-LON-38,LON,Syslog: E-0 interface event on RTR-LON-38,E-0,low
2025-08-21 18:00,RTR-NYC-28,NYC,Syslog: E-VPN interface event on RTR-NYC-28,E-VPN,high
2025-02-08 23:00,RTR-SJC-36,SJC,Syslog: E-101 interface event on RTR-SJC-36,E-101,high
2025-07-16 05:00,RTR-NYC-30,NYC,Syslog: E-101 interface event on RTR-NYC-30,E-101,high
2025-12-21 05:00,RTR-LON-11,LON,Syslog: E-IFDOWN interface event on RTR-LON-11,E-IFDOWN,medium
2025-06-12 15:00,RTR-AUS-01,AUS,Syslog: E-0 interface event on RTR-AUS-01,E-0,high
2025-07-07 07:00,RTR-SJC-16,SJC,Syslog: E-VPN interface event on RTR-SJC-16,E-VPN,medium
2025-08-19 10:00,RTR-NYC-26,NYC,Syslog: E-0 interface event on RTR-NYC-26,E-0,medium
2025-09-04 22:00,RTR-LON-17,LON,Syslog: E-VPN interface event on RTR-LON-17,E-VPN,high
2025-01-09 10:00,RTR-SJC-20,SJC,Syslog: E-500 interface event on RTR-SJC-20,E-500,critical
2025-08-08 03:00,RTR-LON-12,LON,Syslog: E-101 interface event on RTR-LON-12,E-101,low
2025-10-28 07:00,RTR-SJC-30,SJC,Syslog: E-0 interface event on RTR-SJC-30,E-0,medium
2025-11-24 19:00,RTR-NYC-14,NYC,Syslog: E-101 interface event on RTR-NYC-14,E-101,high
2025-02-24 07:00,RTR-LON-40,LON,Syslog: E-500 interface event on RTR-LON-40,E-500,critical
2025-02-13 17:00,RTR-BLR-12,BLR,Syslog: E-0 interface event on RTR-BLR-12,E-0,medium
2025-06-27 04:00,RTR-BLR-09,BLR,Syslog: E-0 interface event on RTR-BLR-09,E-0,low
2025-04-11 06:00,RTR-NYC-04,NYC,Syslog: E-0 interface event on RTR-NYC-04,E-0,high
2025-01-27 06:00,RTR-AUS-33,AUS,Syslog: E-VPN interface event on RTR-AUS-33,E-VPN,high
2025-08-05 15:00,RTR-SJC-36,SJC,Syslog: E-BGP interface event on RTR-SJC-36,E-BGP,critical
2025-02-11 12:00,RTR-LON-17,LON,Syslog: E-0 interface event on RTR-LON-17,E-0,medium
2025-01-31 12:00,RTR-NYC-16,NYC,Syslog: E-101 interface event on RTR-NYC-16,E-101,low
2025-12-13 01:00,RTR-BLR-08,BLR,Syslog: E-404 interface event on RTR-BLR-08,E-404,low
2025-05-20 07:00,RTR-LON-37,LON,Syslog: E-101 interface event on RTR-LON-37,E-101,high
2025-10-11 23:00,RTR-SJC-28,SJC,Syslog: E-VPN interface event on RTR-SJC-28,E-VPN,low
2025-01-17 20:00,RTR-LON-39,LON,Syslog: E-VPN interface event on RTR-LON-39,E-VPN,medium
2025-10-06 14:00,RTR-LON-31,LON,Syslog: E-IFDOWN interface event on RTR-LON-31,E-IFDOWN,medium
2025-01-22 06:00,RTR-AUS-24,AUS,Syslog: E-0 interface event on RTR-AUS-24,E-0,low
2025-01-18 10:00,RTR-SJC-39,SJC,Syslog: E-0 interface event on RTR-SJC-39,E-0,medium
2025-12-15 16:00,RTR-NYC-38,NYC,Syslog: E-BGP interface event on RTR-NYC-38,E-BGP,critical
2025-05-27 16:00,RTR-BLR-38,BLR,Syslog: E-0 interface event on RTR-BLR-38,E-0,high
2025-04-13 10:00,RTR-BLR-06,BLR,Syslog: E-IFDOWN interface event on RTR-BLR-06,E-IFDOWN,low
2025-12-10 17:00,RTR-NYC-36,NYC,Syslog: E-BGP interface event on RTR-NYC-36,E-BGP,critical
2025-03-24 18:00,RTR-NYC-04,NYC,Syslog: E-500 interface event on RTR-NYC-04,E-500,critical
2025-12-25 00:00,RTR-NYC-29,NYC,Syslog: E-101 interface event on RTR-NYC-29,E-101,low
2025-07-20 01:00,RTR-AUS-22,AUS,Syslog: E-0 interface event on RTR-AUS-22,E-0,medium
2025-06-07 14:00,RTR-BLR-21,BLR,Syslog: E-BGP interface event on RTR-BLR-21,E-BGP,critical
2025-03-20 18:00,RTR-AUS-29,AUS,Syslog: E-BGP interface event on RTR-AUS-29,E-BGP,critical
2025-10-07 20:00,RTR-LON-06,LON,Syslog: E-101 interface event on RTR-LON-06,E-101,high
2025-02-22 04:00,RTR-LON-31,LON,Syslog: E-500 interface event on RTR-LON-31,E-500,critical
2025-11-03 11:00,RTR-BLR-15,BLR,Syslog: E-500 interface event on RTR-BLR-15,E-500,critical
2025-03-27 12:00,RTR-NYC-16,NYC,Syslog: E-VPN interface event on RTR-NYC-16,E-VPN,medium
2025-04-05 07:00,RTR-NYC-17,NYC,Syslog: E-VPN interface event on RTR-NYC-17,E-VPN,medium
2025-08-03 06:00,RTR-SJC-06,SJC,Syslog: E-101 interface event on RTR-SJC-06,E-101,high
2025-04-12 07:00,RTR-NYC-32,NYC,Syslog: E-BGP interface event on RTR-NYC-32,E-BGP,critical
2025-05-16 05:00,RTR-AUS-30,AUS,Syslog: E-0 interface event on RTR-AUS-30,E-0,low
2025-10-13 18:00,RTR-LON-36,LON,Syslog: E-BGP interface event on RTR-LON-36,E-BGP,critical
2025-11-17 18:00,RTR-SJC-09,SJC,Syslog: E-VPN interface event on RTR-SJC-09,E-VPN,medium
2025-01-17 08:00,RTR-AUS-05,AUS,Syslog: E-0 interface event on RTR-AUS-05,E-0,high
2025-09-22 22:00,RTR-BLR-23,BLR,Syslog: E-0 interface event on RTR-BLR-23,E-0,high
2025-06-14 19:00,RTR-LON-08,LON,Syslog: E-101 interface event on RTR-LON-08,E-101,medium
2025-03-15 13:00,RTR-SJC-05,SJC,Syslog: E-BGP interface event on RTR-SJC-05,E-BGP,critical
2025-08-31 07:00,RTR-BLR-27,BLR,Syslog: E-BGP interface event on RTR-BLR-27,E-BGP,critical
2025-10-25 10:00,RTR-LON-31,LON,Syslog: E-BGP interface event on RTR-LON-31,E-BGP,critical
2025-05-06 05:00,RTR-NYC-33,NYC,Syslog: E-0 interface event on RTR-NYC-33,E-0,low
2025-09-10 12:00,RTR-BLR-25,BLR,Syslog: E-101 interface event on RTR-BLR-25,E-101,low
2025-12-14 06:00,RTR-NYC-18,NYC,Syslog: E-IFDOWN interface event on RTR-NYC-18,E-IFDOWN,low
2025-06-08 13:00,RTR-LON-32,LON,Syslog: E-101 interface event on RTR-LON-32,E-101,high
2025-12-20 09:00,RTR-NYC-38,NYC,Syslog: E-404 interface event on RTR-NYC-38,E-404,medium
2025-07-14 17:00,RTR-LON-25,LON,Syslog: E-101 interface event on RTR-LON-25,E-101,low
2025-04-08 18:00,RTR-SJC-14,SJC,Syslog: E-101 interface event on RTR-SJC-14,E-101,medium
2025-08-03 14:00,RTR-SJC-23,SJC,Syslog: E-0 interface event on RTR-SJC-23,E-0,low
2025-07-16 12:00,RTR-LON-32,LON,Syslog: E-101 interface event on RTR-LON-32,E-101,low
2025-07-16 22:00,RTR-LON-39,LON,Syslog: E-VPN interface event on RTR-LON-39,E-VPN,low
2025-07-10 05:00,RTR-AUS-07,AUS,Syslog: E-0 interface event on RTR-AUS-07,E-0,high
2025-04-26 06:00,RTR-SJC-39,SJC,Syslog: E-IFDOWN interface event on RTR-SJC-39,E-IFDOWN,high
2025-05-14 05:00,RTR-SJC-32,SJC,Syslog: E-VPN interface event on RTR-SJC-32,E-VPN,low
2025-09-10 06:00,RTR-AUS-19,AUS,Syslog: E-IFDOWN interface event on RTR-AUS-19,E-IFDOWN,high
2025-10-19 03:00,RTR-BLR-34,BLR,Syslog: E-0 interface event on RTR-BLR-34,E-0,medium
2025-07-21 08:00,RTR-SJC-08,SJC,Syslog: E-101 interface event on RTR-SJC-08,E-101,medium
2025-12-03 17:00,RTR-LON-06,LON,Syslog: E-VPN interface event on RTR-LON-06,E-VPN,medium
2025-03-21 12:00,RTR-LON-06,LON,Syslog: E-BGP interface event on RTR-LON-06,E-BGP,critical
2025-06-01 20:00,RTR-SJC-21,SJC,Syslog: E-0 interface event on RTR-SJC-21,E-0,medium
2025-07-08 11:00,RTR-BLR-33,BLR,Syslog: E-BGP interface event on RTR-BLR-33,E-BGP,critical
2025-02-20 13:00,RTR-LON-03,LON,Syslog: E-101 interface event on RTR-LON-03,E-101,high
2025-12-22 20:00,RTR-LON-13,LON,Syslog: E-VPN interface event on RTR-LON-13,E-VPN,high
2025-01-25 07:00,RTR-SJC-16,SJC,Syslog: E-0 interface event on RTR-SJC-16,E-0,medium
2025-05-31 07:00,RTR-AUS-17,AUS,Syslog: E-404 interface event on RTR-AUS-17,E-404,medium
2025-05-08 17:00,RTR-BLR-19,BLR,Syslog: E-0 interface event on RTR-BLR-19,E-0,high
2025-03-02 13:00,RTR-NYC-14,NYC,Syslog: E-0 interface event on RTR-NYC-14,E-0,low
2025-12-01 23:00,RTR-NYC-40,NYC,Syslog: E-0 interface event on RTR-NYC-40,E-0,low
2025-01-27 11:00,RTR-BLR-17,BLR,Syslog: E-500 interface event on RTR-BLR-17,E-500,critical
2025-06-10 05:00,RTR-LON-31,LON,Syslog: E-404 interface event on RTR-LON-31,E-404,low
2025-07-24 20:00,RTR-AUS-19,AUS,Syslog: E-BGP interface event on RTR-AUS-19,E-BGP,critical
2025-12-01 15:00,RTR-BLR-39,BLR,Syslog: E-101 interface event on RTR-BLR-39,E-101,medium
2025-07-21 16:00,RTR-SJC-15,SJC,Syslog: E-0 interface event on RTR-SJC-15,E-0,medium
2025-10-14 10:00,RTR-BLR-21,BLR,Syslog: E-0 interface event on RTR-BLR-21,E-0,medium
2025-03-21 01:00,RTR-AUS-30,AUS,Syslog: E-IFDOWN interface event on RTR-AUS-30,E-IFDOWN,high
2025-03-19 12:00,RTR-LON-26,LON,Syslog: E-BGP interface event on RTR-LON-26,E-BGP,critical
2025-11-27 05:00,RTR-BLR-39,BLR,Syslog: E-101 interface event on RTR-BLR-39,E-101,low
2025-01-20 18:00,RTR-LON-18,LON,Syslog: E-404 interface event on RTR-LON-18,E-404,medium
2025-02-11 12:00,RTR-NYC-21,NYC,Syslog: E-0 interface event on RTR-NYC-21,E-0,medium
2025-10-08 17:00,RTR-BLR-29,BLR,Syslog: E-101 interface event on RTR-BLR-29,E-101,medium
2025-02-07 07:00,RTR-LON-32,LON,Syslog: E-BGP interface event on RTR-LON-32,E-BGP,critical
2025-08-20 23:00,RTR-SJC-20,SJC,Syslog: E-101 interface event on RTR-SJC-20,E-101,low
2025-04-24 16:00,RTR-NYC-14,NYC,Syslog: E-VPN interface event on RTR-NYC-14,E-VPN,low
2025-08-14 01:00,RTR-AUS-39,AUS,Syslog: E-404 interface event on RTR-AUS-39,E-404,high
2025-01-15 09:00,RTR-BLR-06,BLR,Syslog: E-VPN interface event on RTR-BLR-06,E-VPN,medium
2025-08-29 18:00,RTR-NYC-05,NYC,Syslog: E-BGP interface event on RTR-NYC-05,E-BGP,critical
2025-12-21 01:00,RTR-AUS-24,AUS,Syslog: E-404 interface event on RTR-AUS-24,E-404,low
2025-09-28 00:00,RTR-AUS-19,AUS,Syslog: E-VPN interface event on RTR-AUS-19,E-VPN,medium
2025-08-15 07:00,RTR-BLR-14,BLR,Syslog: E-500 interface event on RTR-BLR-14,E-500,critical
2025-06-19 18:00,RTR-SJC-03,SJC,Syslog: E-VPN interface event on RTR-SJC-03,E-VPN,high
2025-03-11 23:00,RTR-NYC-26,NYC,Syslog: E-VPN interface event on RTR-NYC-26,E-VPN,low
2025-04-18 03:00,RTR-LON-20,LON,Syslog: E-0 interface event on RTR-LON-20,E-0,high
2025-06-18 19:00,RTR-SJC-18,SJC,Syslog: E-BGP interface event on RTR-SJC-18,E-BGP,critical
2025-09-15 22:00,RTR-BLR-09,BLR,Syslog: E-VPN interface event on RTR-BLR-09,E-VPN,medium
2025-02-27 23:00,RTR-SJC-05,SJC,Syslog: E-404 interface event on RTR-SJC-05,E-404,high
2025-10-11 13:00,RTR-SJC-01,SJC,Syslog: E-BGP interface event on RTR-SJC-01,E-BGP,critical
2025-04-14 15:00,RTR-SJC-38,SJC,Syslog: E-VPN interface event on RTR-SJC-38,E-VPN,low
2025-08-02 02:00,RTR-LON-28,LON,Syslog: E-404 interface event on RTR-LON-28,E-404,low
2025-07-26 06:00,RTR-LON-30,LON,Syslog: E-0 interface event on RTR-LON-30,E-0,medium
2025-11-18 19:00,RTR-BLR-19,BLR,Syslog: E-101 interface event on RTR-BLR-19,E-101,low
2025-10-05 09:00,RTR-NYC-18,NYC,Syslog: E-404 interface event on RTR-NYC-18,E-404,high
2025-12-31 00:00,RTR-NYC-16,NYC,Syslog: E-101 interface event on RTR-NYC-16,E-101,medium
2025-09-26 17:00,RTR-LON-35,LON,Syslog: E-BGP interface event on RTR-LON-35,E-BGP,critical
2025-11-05 17:00,RTR-AUS-37,AUS,Syslog: E-IFDOWN interface event on RTR-AUS-37,E-IFDOWN,medium
2025-06-08 10:00,RTR-BLR-24,BLR,Syslog: E-404 interface event on RTR-BLR-24,E-404,low
2025-08-01 01:00,RTR-LON-10,LON,Syslog: E-VPN interface event on RTR-LON-10,E-VPN,low
2025-03-07 02:00,RTR-NYC-11,NYC,Syslog: E-0 interface event on RTR-NYC-11,E-0,medium
2025-06-20 15:00,RTR-SJC-10,SJC,Syslog: E-101 interface event on RTR-SJC-10,E-101,medium
2025-12-24 07:00,RTR-NYC-15,NYC,Syslog: E-0 interface event on RTR-NYC-15,E-0,medium
2025-06-22 01:00,RTR-BLR-20,BLR,Syslog: E-BGP interface event on RTR-BLR-20,E-BGP,critical
2025-04-13 19:00,RTR-SJC-21,SJC,Syslog: E-BGP interface event on RTR-SJC-21,E-BGP,critical
2025-10-05 12:00,RTR-SJC-18,SJC,Syslog: E-BGP interface event on RTR-SJC-18,E-BGP,critical
2025-11-30 15:00,RTR-NYC-32,NYC,Syslog: E-101 interface event on RTR-NYC-32,E-101,high
2025-06-10 22:00,RTR-LON-30,LON,Syslog: E-BGP interface event on RTR-LON-30,E-BGP,critical
2025-12-18 04:00,RTR-NYC-06,NYC,Syslog: E-IFDOWN interface event on RTR-NYC-06,E-IFDOWN,medium
2025-02-22 21:00,RTR-BLR-09,BLR,Syslog: E-VPN interface event on RTR-BLR-09,E-VPN,low
2025-12-21 22:00,RTR-SJC-11,SJC,Syslog: E-0 interface event on RTR-SJC-11,E-0,low
2025-01-27 15:00,RTR-BLR-32,BLR,Syslog: E-0 interface event on RTR-BLR-32,E-0,high
2025-11-29 14:00,RTR-AUS-36,AUS,Syslog: E-101 interface event on RTR-AUS-36,E-101,low
2025-07-22 13:00,RTR-SJC-28,SJC,Syslog: E-IFDOWN interface event on RTR-SJC-28,E-IFDOWN,high
2025-07-05 01:00,RTR-NYC-21,NYC,Syslog: E-500 interface event on RTR-NYC-21,E-500,critical
2025-09-11 16:00,RTR-NYC-11,NYC,Syslog: E-0 interface event on RTR-NYC-11,E-0,high
2025-05-20 13:00,RTR-NYC-24,NYC,Syslog: E-404 interface event on RTR-NYC-24,E-404,medium
2025-11-19 07:00,RTR-BLR-14,BLR,Syslog: E-IFDOWN interface event on RTR-BLR-14,E-IFDOWN,high
2025-04-03 09:00,RTR-AUS-34,AUS,Syslog: E-BGP interface event on RTR-AUS-34,E-BGP,critical
2025-11-20 11:00,RTR-SJC-21,SJC,Syslog: E-101 interface event on RTR-SJC-21,E-101,low
2025-11-18 04:00,RTR-SJC-01,SJC,Syslog: E-101 interface event on RTR-SJC-01,E-101,low
2025-05-17 00:00,RTR-SJC-35,SJC,Syslog: E-404 interface event on RTR-SJC-35,E-404,low
2025-02-11 17:00,RTR-NYC-30,NYC,Syslog: E-500 interface event on RTR-NYC-30,E-500,critical
2025-02-15 13:00,RTR-LON-36,LON,Syslog: E-VPN interface event on RTR-LON-36,E-VPN,medium
2025-01-10 15:00,RTR-AUS-18,AUS,Syslog: E-0 interface event on RTR-AUS-18,E-0,medium
2025-07-28 17:00,RTR-LON-40,LON,Syslog: E-VPN interface event on RTR-LON-40,E-VPN,medium
2025-05-19 07:00,RTR-SJC-38,SJC,Syslog: E-0 interface event on RTR-SJC-38,E-0,high
2025-05-28 18:00,RTR-LON-12,LON,Syslog: E-0 interface event on RTR-LON-12,E-0,low
2025-03-28 11:00,RTR-NYC-38,NYC,Syslog: E-BGP interface event on RTR-NYC-38,E-BGP,critical
2025-09-19 10:00,RTR-LON-37,LON,Syslog: E-VPN interface event on RTR-LON-37,E-VPN,high
2025-07-09 06:00,RTR-NYC-31,NYC,Syslog: E-0 interface event on RTR-NYC-31,E-0,low
2025-06-08 06:00,RTR-AUS-06,AUS,Syslog: E-IFDOWN interface event on RTR-AUS-06,E-IFDOWN,high
2025-04-11 00:00,RTR-AUS-11,AUS,Syslog: E-404 interface event on RTR-AUS-11,E-404,low
2025-08-09 17:00,RTR-SJC-04,SJC,Syslog: E-0 interface event on RTR-SJC-04,E-0,medium
2025-10-18 09:00,RTR-BLR-21,BLR,Syslog: E-101 interface event on RTR-BLR-21,E-101,low
2025-06-14 08:00,RTR-NYC-26,NYC,Syslog: E-101 interface event on RTR-NYC-26,E-101,medium
2025-11-20 21:00,RTR-LON-20,LON,Syslog: E-VPN interface event on RTR-LON-20,E-VPN,medium
2025-12-29 06:00,RTR-SJC-39,SJC,Syslog: E-VPN interface event on RTR-SJC-39,E-VPN,low
2025-07-09 14:00,RTR-AUS-28,AUS,Syslog: E-500 interface event on RTR-AUS-28,E-500,critical
2025-12-01 13:00,RTR-LON-08,LON,Syslog: E-500 interface event on RTR-LON-08,E-500,critical
2025-10-25 05:00,RTR-LON-12,LON,Syslog: E-0 interface event on RTR-LON-12,E-0,medium
2025-11-15 04:00,RTR-LON-28,LON,Syslog: E-0 interface event on RTR-LON-28,E-0,high
2025-05-11 09:00,RTR-BLR-24,BLR,Syslog: E-0 interface event on RTR-BLR-24,E-0,high
2025-01-08 06:00,RTR-AUS-29,AUS,Syslog: E-101 interface event on RTR-AUS-29,E-101,low
2025-01-04 19:00,RTR-NYC-20,NYC,Syslog: E-101 interface event on RTR-NYC-20,E-101,medium
2025-06-23 05:00,RTR-NYC-01,NYC,Syslog: E-500 interface event on RTR-NYC-01,E-500,critical
2025-01-23 21:00,RTR-LON-31,LON,Syslog: E-101 interface event on RTR-LON-31,E-101,high
2025-06-22 17:00,RTR-LON-04,LON,Syslog: E-IFDOWN interface event on RTR-LON-04,E-IFDOWN,low
2025-11-18 09:00,RTR-NYC-30,NYC,Syslog: E-404 interface event on RTR-NYC-30,E-404,medium
2025-03-12 22:00,RTR-SJC-24,SJC,Syslog: E-0 interface event on RTR-SJC-24,E-0,high
2025-04-15 13:00,RTR-AUS-09,AUS,Syslog: E-0 interface event on RTR-AUS-09,E-0,low
2025-02-08 06:00,RTR-BLR-04,BLR,Syslog: E-101 interface event on RTR-BLR-04,E-101,high
2025-07-09 10:00,RTR-AUS-40,AUS,Syslog: E-BGP interface event on RTR-AUS-40,E-BGP,critical
2025-08-16 02:00,RTR-LON-11,LON,Syslog: E-IFDOWN interface event on RTR-LON-11,E-IFDOWN,high
2025-09-08 00:00,RTR-NYC-01,NYC,Syslog: E-IFDOWN interface event on RTR-NYC-01,E-IFDOWN,medium
2025-10-12 05:00,RTR-SJC-05,SJC,Syslog: E-0 interface event on RTR-SJC-05,E-0,high
2025-04-11 16:00,RTR-LON-06,LON,Syslog: E-0 interface event on RTR-LON-06,E-0,low
2025-07-08 02:00,RTR-NYC-13,NYC,Syslog: E-BGP interface event on RTR-NYC-13,E-BGP,critical
2025-10-07 09:00,RTR-AUS-01,AUS,Syslog: E-101 interface event on RTR-AUS-01,E-101,high
2025-08-28 09:00,RTR-SJC-22,SJC,Syslog: E-404 interface event on RTR-SJC-22,E-404,high
2025-02-28 18:00,RTR-NYC-30,NYC,Syslog: E-0 interface event on RTR-NYC-30,E-0,low
2025-05-05 14:00,RTR-SJC-12,SJC,Syslog: E-101 interface event on RTR-SJC-12,E-101,high
2025-01-14 17:00,RTR-AUS-01,AUS,Syslog: E-0 interface event on RTR-AUS-01,E-0,medium
2025-11-11 06:00,RTR-SJC-16,SJC,Syslog: E-101 interface event on RTR-SJC-16,E-101,high
2025-05-11 10:00,RTR-AUS-20,AUS,Syslog: E-0 interface event on RTR-AUS-20,E-0,high
2025-07-15 23:00,RTR-AUS-18,AUS,Syslog: E-0 interface event on RTR-AUS-18,E-0,medium
2025-10-10 14:00,RTR-AUS-13,AUS,Syslog: E-0 interface event on RTR-AUS-13,E-0,low
2025-05-01 21:00,RTR-LON-17,LON,Syslog: E-BGP interface event on RTR-LON-17,E-BGP,critical
2025-06-30 14:00,RTR-SJC-32,SJC,Syslog: E-101 interface event on RTR-SJC-32,E-101,medium
2025-08-27 03:00,RTR-NYC-29,NYC,Syslog: E-VPN interface event on RTR-NYC-29,E-VPN,high
2025-04-27 09:00,RTR-SJC-38,SJC,Syslog: E-101 interface event on RTR-SJC-38,E-101,high
2025-05-24 19:00,RTR-BLR-23,BLR,Syslog: E-BGP interface event on RTR-BLR-23,E-BGP,critical
2025-07-17 01:00,RTR-AUS-22,AUS,Syslog: E-BGP interface event on RTR-AUS-22,E-BGP,critical
2025-12-10 21:00,RTR-NYC-18,NYC,Syslog: E-0 interface event on RTR-NYC-18,E-0,low
2025-06-26 06:00,RTR-AUS-30,AUS,Syslog: E-0 interface event on RTR-AUS-30,E-0,low
2025-12-19 23:00,RTR-AUS-31,AUS,Syslog: E-0 interface event on RTR-AUS-31,E-0,high
2025-08-09 11:00,RTR-LON-37,LON,Syslog: E-101 interface event on RTR-LON-37,E-101,high
2025-01-24 02:00,RTR-LON-07,LON,Syslog: E-500 interface event on RTR-LON-07,E-500,critical
2025-01-06 09:00,RTR-AUS-27,AUS,Syslog: E-404 interface event on RTR-AUS-27,E-404,medium
2025-03-10 09:00,RTR-AUS-23,AUS,Syslog: E-101 interface event on RTR-AUS-23,E-101,medium
2025-05-08 02:00,RTR-SJC-29,SJC,Syslog: E-VPN interface event on RTR-SJC-29,E-VPN,medium
2025-10-24 22:00,RTR-BLR-31,BLR,Syslog: E-VPN interface event on RTR-BLR-31,E-VPN,medium
2025-09-12 18:00,RTR-NYC-22,NYC,Syslog: E-404 interface event on RTR-NYC-22,E-404,medium
2025-07-24 22:00,RTR-SJC-15,SJC,Syslog: E-VPN interface event on RTR-SJC-15,E-VPN,high
2025-03-15 15:00,RTR-BLR-28,BLR,Syslog: E-VPN interface event on RTR-BLR-28,E-VPN,high
2025-10-01 13:00,RTR-NYC-02,NYC,Syslog: E-0 interface event on RTR-NYC-02,E-0,low
2025-07-25 04:00,RTR-NYC-34,NYC,Syslog: E-0 interface event on RTR-NYC-34,E-0,high
2025-04-06 06:00,RTR-AUS-22,AUS,Syslog: E-VPN interface event on RTR-AUS-22,E-VPN,low
2025-03-03 17:00,RTR-LON-10,LON,Syslog: E-VPN interface event on RTR-LON-10,E-VPN,medium
2025-09-28 07:00,RTR-AUS-30,AUS,Syslog: E-0 interface event on RTR-AUS-30,E-0,low
2025-05-17 19:00,RTR-AUS-20,AUS,Syslog: E-101 interface event on RTR-AUS-20,E-101,low
2025-06-11 05:00,RTR-AUS-28,AUS,Syslog: E-0 interface event on RTR-AUS-28,E-0,low
2025-04-16 05:00,RTR-NYC-24,NYC,Syslog: E-0 interface event on RTR-NYC-24,E-0,low
2025-08-24 07:00,RTR-SJC-31,SJC,Syslog: E-404 interface event on RTR-SJC-31,E-404,medium
2025-05-26 01:00,RTR-BLR-25,BLR,Syslog: E-VPN interface event on RTR-BLR-25,E-VPN,high
2025-06-15 17:00,RTR-SJC-25,SJC,Syslog: E-0 interface event on RTR-SJC-25,E-0,low
2025-09-30 23:00,RTR-LON-19,LON,Syslog: E-VPN interface event on RTR-LON-19,E-VPN,high
2025-10-17 20:00,RTR-NYC-26,NYC,Syslog: E-404 interface event on RTR-NYC-26,E-404,medium
2025-11-30 08:00,RTR-NYC-02,NYC,Syslog: E-0 interface event on RTR-NYC-02,E-0,high
2025-05-02 14:00,RTR-AUS-24,AUS,Syslog: E-101 interface event on RTR-AUS-24,E-101,high
2025-01-02 02:00,RTR-NYC-39,NYC,Syslog: E-VPN interface event on RTR-NYC-39,E-VPN,low
2025-06-07 01:00,RTR-AUS-32,AUS,Syslog: E-0 interface event on RTR-AUS-32,E-0,low
2025-07-26 02:00,RTR-BLR-06,BLR,Syslog: E-101 interface event on RTR-BLR-06,E-101,high
2025-05-03 19:00,RTR-BLR-10,BLR,Syslog: E-0 interface event on RTR-BLR-10,E-0,medium
2025-11-25 03:00,RTR-SJC-17,SJC,Syslog: E-IFDOWN interface event on RTR-SJC-17,E-IFDOWN,medium
2025-05-03 13:00,RTR-AUS-26,AUS,Syslog: E-BGP interface event on RTR-AUS-26,E-BGP,critical
2025-03-14 15:00,RTR-BLR-06,BLR,Syslog: E-101 interface event on RTR-BLR-06,E-101,high
2025-03-11 05:00,RTR-BLR-01,BLR,Syslog: E-0 interface event on RTR-BLR-01,E-0,low
2025-12-13 02:00,RTR-BLR-30,BLR,Syslog: E-0 interface event on RTR-BLR-30,E-0,high
2025-10-02 05:00,RTR-BLR-04,BLR,Syslog: E-101 interface event on RTR-BLR-04,E-101,medium
2025-03-21 03:00,RTR-NYC-29,NYC,Syslog: E-404 interface event on RTR-NYC-29,E-404,medium
2025-08-17 17:00,RTR-NYC-24,NYC,Syslog: E-0 interface event on RTR-NYC-24,E-0,low
2025-10-17 11:00,RTR-NYC-25,NYC,Syslog: E-VPN interface event on RTR-NYC-25,E-VPN,low
2025-04-13 15:00,RTR-SJC-22,SJC,Syslog: E-IFDOWN interface event on RTR-SJC-22,E-IFDOWN,high
2025-06-26 00:00,RTR-AUS-33,AUS,Syslog: E-VPN interface event on RTR-AUS-33,E-VPN,high
2025-11-07 14:00,RTR-BLR-04,BLR,Syslog: E-404 interface event on RTR-BLR-04,E-404,low
2025-03-24 23:00,RTR-BLR-30,BLR,Syslog: E-101 interface event on RTR-BLR-30,E-101,high
2025-09-10 02:00,RTR-LON-28,LON,Syslog: E-101 interface event on RTR-LON-28,E-101,medium
2025-01-17 01:00,RTR-NYC-18,NYC,Syslog: E-0 interface event on RTR-NYC-18,E-0,medium
2025-10-12 17:00,RTR-SJC-29,SJC,Syslog: E-101 interface event on RTR-SJC-29,E-101,high
2025-01-25 07:00,RTR-NYC-08,NYC,Syslog: E-101 interface event on RTR-NYC-08,E-101,low
2025-12-29 16:00,RTR-BLR-16,BLR,Syslog: E-0 interface event on RTR-BLR-16,E-0,high
2025-03-06 13:00,RTR-AUS-10,AUS,Syslog: E-BGP interface event on RTR-AUS-10,E-BGP,critical
2025-10-22 07:00,RTR-LON-23,LON,Syslog: E-IFDOWN interface event on RTR-LON-23,E-IFDOWN,high
2025-06-16 15:00,RTR-NYC-37,NYC,Syslog: E-404 interface event on RTR-NYC-37,E-404,low
2025-08-11 22:00,RTR-LON-03,LON,Syslog: E-0 interface event on RTR-LON-03,E-0,high
2025-03-11 00:00,RTR-BLR-33,BLR,Syslog: E-IFDOWN interface event on RTR-BLR-33,E-IFDOWN,low
2025-08-19 14:00,RTR-LON-28,LON,Syslog: E-101 interface event on RTR-LON-28,E-101,low
2025-06-25 08:00,RTR-SJC-28,SJC,Syslog: E-IFDOWN interface event on RTR-SJC-28,E-IFDOWN,low
2025-06-28 03:00,RTR-LON-40,LON,Syslog: E-404 interface event on RTR-LON-40,E-404,low
2025-02-03 08:00,RTR-LON-37,LON,Syslog: E-404 interface event on RTR-LON-37,E-404,medium
2025-07-07 14:00,RTR-AUS-18,AUS,Syslog: E-404 interface event on RTR-AUS-18,E-404,low
2025-09-30 03:00,RTR-AUS-19,AUS,Syslog: E-0 interface event on RTR-AUS-19,E-0,medium
2025-05-22 09:00,RTR-SJC-27,SJC,Syslog: E-BGP interface event on RTR-SJC-27,E-BGP,critical
2025-07-07 13:00,RTR-LON-30,LON,Syslog: E-500 interface event on RTR-LON-30,E-500,critical
2025-08-06 04:00,RTR-SJC-15,SJC,Syslog: E-0 interface event on RTR-SJC-15,E-0,high
2025-08-10 14:00,RTR-AUS-05,AUS,Syslog: E-500 interface event on RTR-AUS-05,E-500,critical
2025-11-11 11:00,RTR-NYC-27,NYC,Syslog: E-BGP interface event on RTR-NYC-27,E-BGP,critical
2025-08-13 10:00,RTR-NYC-25,NYC,Syslog: E-404 interface event on RTR-NYC-25,E-404,high
2025-01-09 13:00,RTR-LON-22,LON,Syslog: E-101 interface event on RTR-LON-22,E-101,medium
2025-04-14 14:00,RTR-BLR-32,BLR,Syslog: E-0 interface event on RTR-BLR-32,E-0,high
2025-04-27 01:00,RTR-BLR-17,BLR,Syslog: E-101 interface event on RTR-BLR-17,E-101,high
2025-02-23 15:00,RTR-BLR-36,BLR,Syslog: E-IFDOWN interface event on RTR-BLR-36,E-IFDOWN,low
2025-05-22 16:00,RTR-NYC-24,NYC,Syslog: E-101 interface event on RTR-NYC-24,E-101,medium
2025-11-05 05:00,RTR-BLR-02,BLR,Syslog: E-0 interface event on RTR-BLR-02,E-0,high
2025-04-24 19:00,RTR-NYC-23,NYC,Syslog: E-500 interface event on RTR-NYC-23,E-500,critical
2025-10-11 13:00,RTR-SJC-19,SJC,Syslog: E-500 interface event on RTR-SJC-19,E-500,critical
2025-12-02 00:00,RTR-AUS-25,AUS,Syslog: E-IFDOWN interface event on RTR-AUS-25,E-IFDOWN,low
2025-09-16 08:00,RTR-NYC-08,NYC,Syslog: E-0 interface event on RTR-NYC-08,E-0,low
2025-05-25 06:00,RTR-SJC-37,SJC,Syslog: E-0 interface event on RTR-SJC-37,E-0,low
2025-10-01 19:00,RTR-NYC-27,NYC,Syslog: E-101 interface event on RTR-NYC-27,E-101,low
2025-10-13 11:00,RTR-NYC-18,NYC,Syslog: E-101 interface event on RTR-NYC-18,E-101,medium
2025-03-14 02:00,RTR-LON-33,LON,Syslog: E-404 interface event on RTR-LON-33,E-404,medium
2025-06-03 16:00,RTR-BLR-32,BLR,Syslog: E-VPN interface event on RTR-BLR-32,E-VPN,medium
2025-11-03 19:00,RTR-AUS-12,AUS,Syslog: E-101 interface event on RTR-AUS-12,E-101,low
2025-12-30 15:00,RTR-LON-30,LON,Syslog: E-BGP interface event on RTR-LON-30,E-BGP,critical
2025-03-09 02:00,RTR-BLR-38,BLR,Syslog: E-BGP interface event on RTR-BLR-38,E-BGP,critical
2025-10-13 12:00,RTR-BLR-13,BLR,Syslog: E-BGP interface event on RTR-BLR-13,E-BGP,critical
2025-06-03 01:00,RTR-AUS-40,AUS,Syslog: E-500 interface event on RTR-AUS-40,E-500,critical
2025-02-24 23:00,RTR-NYC-37,NYC,Syslog: E-BGP interface event on RTR-NYC-37,E-BGP,critical
2025-01-16 14:00,RTR-LON-40,LON,Syslog: E-0 interface event on RTR-LON-40,E-0,high
2025-11-19 03:00,RTR-SJC-24,SJC,Syslog: E-0 interface event on RTR-SJC-24,E-0,high
2025-09-23 18:00,RTR-NYC-33,NYC,Syslog: E-VPN interface event on RTR-NYC-33,E-VPN,low
2025-11-09 12:00,RTR-LON-16,LON,Syslog: E-0 interface event on RTR-LON-16,E-0,high
2025-05-17 09:00,RTR-LON-09,LON,Syslog: E-0 interface event on RTR-LON-09,E-0,low
2025-05-22 07:00,RTR-NYC-30,NYC,Syslog: E-404 interface event on RTR-NYC-30,E-404,high
2025-10-30 20:00,RTR-AUS-12,AUS,Syslog: E-IFDOWN interface event on RTR-AUS-12,E-IFDOWN,high
2025-03-17 21:00,RTR-NYC-22,NYC,Syslog: E-VPN interface event on RTR-NYC-22,E-VPN,low
2025-06-17 03:00,RTR-BLR-05,BLR,Syslog: E-0 interface event on RTR-BLR-05,E-0,low
2025-10-05 09:00,RTR-NYC-31,NYC,Syslog: E-VPN interface event on RTR-NYC-31,E-VPN,low
2025-10-12 17:00,RTR-LON-35,LON,Syslog: E-0 interface event on RTR-LON-35,E-0,high
2025-12-31 15:00,RTR-SJC-29,SJC,Syslog: E-404 interface event on RTR-SJC-29,E-404,high
2025-02-10 19:00,RTR-LON-26,LON,Syslog: E-VPN interface event on RTR-LON-26,E-VPN,high
2025-01-28 05:00,RTR-LON-26,LON,Syslog: E-BGP interface event on RTR-LON-26,E-BGP,critical
2025-12-16 05:00,RTR-BLR-28,BLR,Syslog: E-VPN interface event on RTR-BLR-28,E-VPN,low
2025-04-10 15:00,RTR-LON-38,LON,Syslog: E-VPN interface event on RTR-LON-38,E-VPN,low
2025-04-26 08:00,RTR-LON-27,LON,Syslog: E-BGP interface event on RTR-LON-27,E-BGP,critical
2025-04-07 21:00,RTR-AUS-31,AUS,Syslog: E-0 interface event on RTR-AUS-31,E-0,low
2025-08-14 07:00,RTR-SJC-30,SJC,Syslog: E-VPN interface event on RTR-SJC-30,E-VPN,medium
2025-06-17 01:00,RTR-LON-22,LON,Syslog: E-0 interface event on RTR-LON-22,E-0,medium
2025-08-14 17:00,RTR-BLR-17,BLR,Syslog: E-500 interface event on RTR-BLR-17,E-500,critical
2025-01-25 09:00,RTR-AUS-10,AUS,Syslog: E-404 interface event on RTR-AUS-10,E-404,low
2025-05-31 21:00,RTR-LON-37,LON,Syslog: E-101 interface event on RTR-LON-37,E-101,medium
2025-07-29 08:00,RTR-AUS-37,AUS,Syslog: E-BGP interface event on RTR-AUS-37,E-BGP,critical
2025-11-21 11:00,RTR-BLR-19,BLR,Syslog: E-0 interface event on RTR-BLR-19,E-0,high
2025-03-29 18:00,RTR-AUS-39,AUS,Syslog: E-0 interface event on RTR-AUS-39,E-0,medium
2025-06-25 15:00,RTR-AUS-02,AUS,Syslog: E-VPN interface event on RTR-AUS-02,E-VPN,high
2025-07-26 19:00,RTR-AUS-38,AUS,Syslog: E-0 interface event on RTR-AUS-38,E-0,medium
2025-12-14 04:00,RTR-NYC-26,NYC,Syslog: E-404 interface event on RTR-NYC-26,E-404,low
2025-08-23 23:00,RTR-AUS-38,AUS,Syslog: E-VPN interface event on RTR-AUS-38,E-VPN,medium
2025-12-24 06:00,RTR-LON-25,LON,Syslog: E-VPN interface event on RTR-LON-25,E-VPN,medium
2025-04-26 10:00,RTR-NYC-31,NYC,Syslog: E-0 interface event on RTR-NYC-31,E-0,medium
2025-01-10 17:00,RTR-SJC-22,SJC,Syslog: E-0 interface event on RTR-SJC-22,E-0,low
2025-06-03 03:00,RTR-AUS-18,AUS,Syslog: E-500 interface event on RTR-AUS-18,E-500,critical
2025-03-23 15:00,RTR-AUS-23,AUS,Syslog: E-404 interface event on RTR-AUS-23,E-404,high
2025-01-09 07:00,RTR-NYC-15,NYC,Syslog: E-BGP interface event on RTR-NYC-15,E-BGP,critical
2025-09-06 04:00,RTR-SJC-26,SJC,Syslog: E-500 interface event on RTR-SJC-26,E-500,critical
2025-08-13 22:00,RTR-NYC-05,NYC,Syslog: E-0 interface event on RTR-NYC-05,E-0,high
2025-02-24 05:00,RTR-SJC-29,SJC,Syslog: E-500 interface event on RTR-SJC-29,E-500,critical
2025-06-19 06:00,RTR-AUS-17,AUS,Syslog: E-VPN interface event on RTR-AUS-17,E-VPN,low
2025-06-17 07:00,RTR-AUS-30,AUS,Syslog: E-0 interface event on RTR-AUS-30,E-0,high
2025-07-01 10:00,RTR-NYC-18,NYC,Syslog: E-0 interface event on RTR-NYC-18,E-0,low
2025-02-13 11:00,RTR-AUS-34,AUS,Syslog: E-101 interface event on RTR-AUS-34,E-101,low
2025-06-05 08:00,RTR-AUS-38,AUS,Syslog: E-VPN interface event on RTR-AUS-38,E-VPN,medium
2025-11-13 22:00,RTR-SJC-35,SJC,Syslog: E-VPN interface event on RTR-SJC-35,E-VPN,low
2025-08-06 16:00,RTR-SJC-13,SJC,Syslog: E-404 interface event on RTR-SJC-13,E-404,medium
2025-02-26 22:00,RTR-BLR-13,BLR,Syslog: E-0 interface event on RTR-BLR-13,E-0,high
2025-05-27 18:00,RTR-NYC-32,NYC,Syslog: E-0 interface event on RTR-NYC-32,E-0,low
2025-10-21 09:00,RTR-SJC-29,SJC,Syslog: E-VPN interface event on RTR-SJC-29,E-VPN,low
2025-11-08 11:00,RTR-SJC-17,SJC,Syslog: E-VPN interface event on RTR-SJC-17,E-VPN,high
2025-07-04 19:00,RTR-BLR-12,BLR,Syslog: E-101 interface event on RTR-BLR-12,E-101,medium
2025-12-18 00:00,RTR-LON-20,LON,Syslog: E-0 interface event on RTR-LON-20,E-0,high
2025-06-19 23:00,RTR-LON-18,LON,Syslog: E-BGP interface event on RTR-LON-18,E-BGP,critical
2025-12-10 10:00,RTR-LON-29,LON,Syslog: E-0 interface event on RTR-LON-29,E-0,low
2025-11-29 20:00,RTR-SJC-21,SJC,Syslog: E-VPN interface event on RTR-SJC-21,E-VPN,high
2025-11-18 04:00,RTR-BLR-11,BLR,Syslog: E-0 interface event on RTR-BLR-11,E-0,medium
2025-07-27 23:00,RTR-SJC-29,SJC,Syslog: E-101 interface event on RTR-SJC-29,E-101,high
2025-05-05 16:00,RTR-AUS-07,AUS,Syslog: E-VPN interface event on RTR-AUS-07,E-VPN,low
2025-07-29 17:00,RTR-NYC-20,NYC,Syslog: E-101 interface event on RTR-NYC-20,E-101,high
2025-11-19 03:00,RTR-SJC-20,SJC,Syslog: E-IFDOWN interface event on RTR-SJC-20,E-IFDOWN,low
2025-04-16 12:00,RTR-LON-11,LON,Syslog: E-0 interface event on RTR-LON-11,E-0,medium
2025-04-28 06:00,RTR-AUS-40,AUS,Syslog: E-BGP interface event on RTR-AUS-40,E-BGP,critical
2025-08-11 07:00,RTR-NYC-31,NYC,Syslog: E-BGP interface event on RTR-NYC-31,E-BGP,critical
2025-10-12 14:00,RTR-LON-15,LON,Syslog: E-IFDOWN interface event on RTR-LON-15,E-IFDOWN,medium
2025-07-27 06:00,RTR-LON-10,LON,Syslog: E-101 interface event on RTR-LON-10,E-101,high
2025-08-30 14:00,RTR-LON-29,LON,Syslog: E-101 interface event on RTR-LON-29,E-101,high
2025-09-26 15:00,RTR-BLR-01,BLR,Syslog: E-VPN interface event on RTR-BLR-01,E-VPN,medium
2025-02-07 18:00,RTR-BLR-23,BLR,Syslog: E-BGP interface event on RTR-BLR-23,E-BGP,critical
2025-04-06 12:00,RTR-BLR-18,BLR,Syslog: E-0 interface event on RTR-BLR-18,E-0,high
2025-05-19 01:00,RTR-AUS-17,AUS,Syslog: E-0 interface event on RTR-AUS-17,E-0,medium
2025-01-17 03:00,RTR-LON-28,LON,Syslog: E-VPN interface event on RTR-LON-28,E-VPN,medium
2025-05-17 03:00,RTR-AUS-40,AUS,Syslog: E-404 interface event on RTR-AUS-40,E-404,medium
2025-03-14 22:00,RTR-SJC-16,SJC,Syslog: E-0 interface event on RTR-SJC-16,E-0,high
2025-11-24 11:00,RTR-NYC-31,NYC,Syslog: E-IFDOWN interface event on RTR-NYC-31,E-IFDOWN,low
2025-09-24 06:00,RTR-BLR-16,BLR,Syslog: E-0 interface event on RTR-BLR-16,E-0,high
2025-09-14 00:00,RTR-SJC-07,SJC,Syslog: E-0 interface event on RTR-SJC-07,E-0,medium
2025-07-08 10:00,RTR-NYC-24,NYC,Syslog: E-101 interface event on RTR-NYC-24,E-101,medium
2025-03-17 19:00,RTR-BLR-09,BLR,Syslog: E-VPN interface event on RTR-BLR-09,E-VPN,low
2025-08-10 13:00,RTR-BLR-10,BLR,Syslog: E-VPN interface event on RTR-BLR-10,E-VPN,high
2025-07-24 00:00,RTR-NYC-13,NYC,Syslog: E-500 interface event on RTR-NYC-13,E-500,critical
2025-10-27 04:00,RTR-AUS-21,AUS,Syslog: E-500 interface event on RTR-AUS-21,E-500,critical
2025-06-27 23:00,RTR-NYC-34,NYC,Syslog: E-VPN interface event on RTR-NYC-34,E-VPN,high
2025-01-15 22:00,RTR-AUS-05,AUS,Syslog: E-VPN interface event on RTR-AUS-05,E-VPN,high
2025-08-03 07:00,RTR-LON-29,LON,Syslog: E-BGP interface event on RTR-LON-29,E-BGP,critical
2025-05-27 15:00,RTR-AUS-21,AUS,Syslog: E-404 interface event on RTR-AUS-21,E-404,medium
2025-09-05 06:00,RTR-LON-13,LON,Syslog: E-BGP interface event on RTR-LON-13,E-BGP,critical
2025-06-26 19:00,RTR-LON-39,LON,Syslog: E-BGP interface event on RTR-LON-39,E-BGP,critical
2025-01-16 19:00,RTR-AUS-08,AUS,Syslog: E-BGP interface event on RTR-AUS-08,E-BGP,critical
2025-10-19 17:00,RTR-BLR-32,BLR,Syslog: E-VPN interface event on RTR-BLR-32,E-VPN,high
2025-02-11 03:00,RTR-NYC-24,NYC,Syslog: E-0 interface event on RTR-NYC-24,E-0,medium
2025-01-22 21:00,RTR-NYC-21,NYC,Syslog: E-VPN interface event on RTR-NYC-21,E-VPN,medium
2025-07-12 22:00,RTR-NYC-22,NYC,Syslog: E-BGP interface event on RTR-NYC-22,E-BGP,critical
2025-02-21 13:00,RTR-NYC-06,NYC,Syslog: E-IFDOWN interface event on RTR-NYC-06,E-IFDOWN,low
2025-12-30 00:00,RTR-AUS-33,AUS,Syslog: E-VPN interface event on RTR-AUS-33,E-VPN,low
2025-11-16 19:00,RTR-NYC-13,NYC,Syslog: E-VPN interface event on RTR-NYC-13,E-VPN,high
2025-10-22 04:00,RTR-LON-30,LON,Syslog: E-404 interface event on RTR-LON-30,E-404,high
2025-04-14 21:00,RTR-LON-05,LON,Syslog: E-0 interface event on RTR-LON-05,E-0,high
2025-08-20 23:00,RTR-BLR-34,BLR,Syslog: E-VPN interface event on RTR-BLR-34,E-VPN,high
2025-10-23 04:00,RTR-SJC-26,SJC,Syslog: E-500 interface event on RTR-SJC-26,E-500,critical
2025-01-05 08:00,RTR-NYC-25,NYC,Syslog: E-0 interface event on RTR-NYC-25,E-0,low
2025-08-09 01:00,RTR-BLR-10,BLR,Syslog: E-0 interface event on RTR-BLR-10,E-0,low
2025-08-11 23:00,RTR-NYC-30,NYC,Syslog: E-BGP interface event on RTR-NYC-30,E-BGP,critical
2025-05-17 18:00,RTR-NYC-23,NYC,Syslog: E-VPN interface event on RTR-NYC-23,E-VPN,high
2025-04-15 04:00,RTR-AUS-10,AUS,Syslog: E-0 interface event on RTR-AUS-10,E-0,low
2025-03-10 21:00,RTR-SJC-35,SJC,Syslog: E-500 interface event on RTR-SJC-35,E-500,critical
2025-01-27 22:00,RTR-AUS-35,AUS,Syslog: E-101 interface event on RTR-AUS-35,E-101,low
2025-08-12 13:00,RTR-LON-15,LON,Syslog: E-BGP interface event on RTR-LON-15,E-BGP,critical
2025-05-18 16:00,RTR-LON-11,LON,Syslog: E-101 interface event on RTR-LON-11,E-101,medium
2025-06-09 01:00,RTR-AUS-23,AUS,Syslog: E-0 interface event on RTR-AUS-23,E-0,medium
2025-03-26 01:00,RTR-BLR-02,BLR,Syslog: E-101 interface event on RTR-BLR-02,E-101,high
2025-05-23 09:00,RTR-BLR-04,BLR,Syslog: E-101 interface event on RTR-BLR-04,E-101,medium
2025-05-16 14:00,RTR-AUS-25,AUS,Syslog: E-500 interface event on RTR-AUS-25,E-500,critical
2025-03-27 02:00,RTR-SJC-12,SJC,Syslog: E-404 interface event on RTR-SJC-12,E-404,high
2025-12-19 14:00,RTR-SJC-11,SJC,Syslog: E-VPN interface event on RTR-SJC-11,E-VPN,low
2025-11-30 21:00,RTR-NYC-23,NYC,Syslog: E-BGP interface event on RTR-NYC-23,E-BGP,critical
2025-08-05 07:00,RTR-BLR-13,BLR,Syslog: E-0 interface event on RTR-BLR-13,E-0,low
2025-12-13 01:00,RTR-LON-31,LON,Syslog: E-0 interface event on RTR-LON-31,E-0,low
2025-11-08 22:00,RTR-SJC-01,SJC,Syslog: E-101 interface event on RTR-SJC-01,E-101,medium
2025-10-01 06:00,RTR-SJC-23,SJC,Syslog: E-101 interface event on RTR-SJC-23,E-101,medium
2025-02-14 13:00,RTR-BLR-20,BLR,Syslog: E-0 interface event on RTR-BLR-20,E-0,high
2025-02-27 15:00,RTR-BLR-31,BLR,Syslog: E-0 interface event on RTR-BLR-31,E-0,medium
2025-08-09 16:00,RTR-SJC-10,SJC,Syslog: E-VPN interface event on RTR-SJC-10,E-VPN,low
2025-01-07 07:00,RTR-AUS-34,AUS,Syslog: E-0 interface event on RTR-AUS-34,E-0,high
2025-11-17 17:00,RTR-SJC-04,SJC,Syslog: E-500 interface event on RTR-SJC-04,E-500,critical
2025-05-24 05:00,RTR-LON-24,LON,Syslog: E-500 interface event on RTR-LON-24,E-500,critical
2025-04-18 12:00,RTR-BLR-12,BLR,Syslog: E-0 interface event on RTR-BLR-12,E-0,high
2025-04-14 08:00,RTR-AUS-24,AUS,Syslog: E-VPN interface event on RTR-AUS-24,E-VPN,low
2025-04-21 20:00,RTR-SJC-32,SJC,Syslog: E-0 interface event on RTR-SJC-32,E-0,medium
2025-09-12 18:00,RTR-LON-40,LON,Syslog: E-101 interface event on RTR-LON-40,E-101,low
2025-08-15 08:00,RTR-SJC-31,SJC,Syslog: E-0 interface event on RTR-SJC-31,E-0,low
2025-10-06 07:00,RTR-SJC-35,SJC,Syslog: E-101 interface event on RTR-SJC-35,E-101,high
2025-12-25 12:00,RTR-AUS-11,AUS,Syslog: E-0 interface event on RTR-AUS-11,E-0,medium
2025-06-02 00:00,RTR-SJC-27,SJC,Syslog: E-IFDOWN interface event on RTR-SJC-27,E-IFDOWN,low
2025-11-21 17:00,RTR-BLR-27,BLR,Syslog: E-VPN interface event on RTR-BLR-27,E-VPN,high
2025-10-28 15:00,RTR-AUS-39,AUS,Syslog: E-VPN interface event on RTR-AUS-39,E-VPN,low
2025-08-01 14:00,RTR-BLR-31,BLR,Syslog: E-VPN interface event on RTR-BLR-31,E-VPN,medium
2025-03-29 12:00,RTR-LON-35,LON,Syslog: E-101 interface event on RTR-LON-35,E-101,high
2025-03-07 19:00,RTR-BLR-32,BLR,Syslog: E-BGP interface event on RTR-BLR-32,E-BGP,critical
